Entity,Code,Year,Countries with national artificial intelligence strategies
Abkhazia,OWID_ABK,2017,Not released
Abkhazia,OWID_ABK,2018,Not released
Abkhazia,OWID_ABK,2019,Not released
Abkhazia,OWID_ABK,2020,Not released
Abkhazia,OWID_ABK,2021,Not released
Abkhazia,OWID_ABK,2022,Not released
Abkhazia,OWID_ABK,2023,Not released
Afghanistan,AFG,2017,Not released
Afghanistan,AFG,2018,Not released
Afghanistan,AFG,2019,Not released
Afghanistan,AFG,2020,Not released
Afghanistan,AFG,2021,Not released
Afghanistan,AFG,2022,Not released
Afghanistan,AFG,2023,Not released
Africa,,2017,Not released
Africa,,2018,Not released
Africa,,2019,Not released
Africa,,2020,Not released
Africa,,2021,Not released
Africa,,2022,Not released
Africa,,2023,Not released
Akrotiri and Dhekelia,OWID_AKD,2017,Not released
Akrotiri and Dhekelia,OWID_AKD,2018,Not released
Akrotiri and Dhekelia,OWID_AKD,2019,Not released
Akrotiri and Dhekelia,OWID_AKD,2020,Not released
Akrotiri and Dhekelia,OWID_AKD,2021,Not released
Akrotiri and Dhekelia,OWID_AKD,2022,Not released
Akrotiri and Dhekelia,OWID_AKD,2023,Not released
Aland Islands,ALA,2017,Not released
Aland Islands,ALA,2018,Not released
Aland Islands,ALA,2019,Not released
Aland Islands,ALA,2020,Not released
Aland Islands,ALA,2021,Not released
Aland Islands,ALA,2022,Not released
Aland Islands,ALA,2023,Not released
Albania,ALB,2017,Not released
Albania,ALB,2018,Not released
Albania,ALB,2019,Not released
Albania,ALB,2020,Not released
Albania,ALB,2021,Not released
Albania,ALB,2022,Not released
Albania,ALB,2023,Not released
Algeria,DZA,2017,Not released
Algeria,DZA,2018,Not released
Algeria,DZA,2019,Not released
Algeria,DZA,2020,Released
Algeria,DZA,2021,Released
Algeria,DZA,2022,Released
Algeria,DZA,2023,Released
American Samoa,ASM,2017,Not released
American Samoa,ASM,2018,Not released
American Samoa,ASM,2019,Not released
American Samoa,ASM,2020,Not released
American Samoa,ASM,2021,Not released
American Samoa,ASM,2022,Not released
American Samoa,ASM,2023,Not released
Andorra,AND,2017,Not released
Andorra,AND,2018,Not released
Andorra,AND,2019,Not released
Andorra,AND,2020,Not released
Andorra,AND,2021,In Development
Andorra,AND,2022,In Development
Andorra,AND,2023,In Development
Angola,AGO,2017,Not released
Angola,AGO,2018,Not released
Angola,AGO,2019,Not released
Angola,AGO,2020,Not released
Angola,AGO,2021,Not released
Angola,AGO,2022,Not released
Angola,AGO,2023,Not released
Anguilla,AIA,2017,Not released
Anguilla,AIA,2018,Not released
Anguilla,AIA,2019,Not released
Anguilla,AIA,2020,Not released
Anguilla,AIA,2021,Not released
Anguilla,AIA,2022,Not released
Anguilla,AIA,2023,Not released
Antarctica,ATA,2017,Not released
Antarctica,ATA,2018,Not released
Antarctica,ATA,2019,Not released
Antarctica,ATA,2020,Not released
Antarctica,ATA,2021,Not released
Antarctica,ATA,2022,Not released
Antarctica,ATA,2023,Not released
Antigua and Barbuda,ATG,2017,Not released
Antigua and Barbuda,ATG,2018,Not released
Antigua and Barbuda,ATG,2019,Not released
Antigua and Barbuda,ATG,2020,Not released
Antigua and Barbuda,ATG,2021,Not released
Antigua and Barbuda,ATG,2022,Not released
Antigua and Barbuda,ATG,2023,In Development
Argentina,ARG,2017,Not released
Argentina,ARG,2018,Not released
Argentina,ARG,2019,Released
Argentina,ARG,2020,Released
Argentina,ARG,2021,Released
Argentina,ARG,2022,Released
Argentina,ARG,2023,Released
Armenia,ARM,2017,Not released
Armenia,ARM,2018,Not released
Armenia,ARM,2019,Not released
Armenia,ARM,2020,Not released
Armenia,ARM,2021,In Development
Armenia,ARM,2022,In Development
Armenia,ARM,2023,In Development
Aruba,ABW,2017,Not released
Aruba,ABW,2018,Not released
Aruba,ABW,2019,Not released
Aruba,ABW,2020,Not released
Aruba,ABW,2021,Not released
Aruba,ABW,2022,Not released
Aruba,ABW,2023,Not released
Asia,,2017,Not released
Asia,,2018,Not released
Asia,,2019,Not released
Asia,,2020,Not released
Asia,,2021,Not released
Asia,,2022,Not released
Asia,,2023,Not released
Australia,AUS,2017,Not released
Australia,AUS,2018,Not released
Australia,AUS,2019,Not released
Australia,AUS,2020,Not released
Australia,AUS,2021,Released
Australia,AUS,2022,Released
Australia,AUS,2023,Released
Austria,AUT,2017,Not released
Austria,AUT,2018,Not released
Austria,AUT,2019,Not released
Austria,AUT,2020,Not released
Austria,AUT,2021,Released
Austria,AUT,2022,Released
Austria,AUT,2023,Released
Austria-Hungary,OWID_AUH,2017,Not released
Austria-Hungary,OWID_AUH,2018,Not released
Austria-Hungary,OWID_AUH,2019,Not released
Austria-Hungary,OWID_AUH,2020,Not released
Austria-Hungary,OWID_AUH,2021,Not released
Austria-Hungary,OWID_AUH,2022,Not released
Austria-Hungary,OWID_AUH,2023,Not released
Azerbaijan,AZE,2017,Not released
Azerbaijan,AZE,2018,Not released
Azerbaijan,AZE,2019,Not released
Azerbaijan,AZE,2020,Not released
Azerbaijan,AZE,2021,Not released
Azerbaijan,AZE,2022,Not released
Azerbaijan,AZE,2023,Released
Bahamas,BHS,2017,Not released
Bahamas,BHS,2018,Not released
Bahamas,BHS,2019,Not released
Bahamas,BHS,2020,Not released
Bahamas,BHS,2021,Not released
Bahamas,BHS,2022,Not released
Bahamas,BHS,2023,Not released
Bahrain,BHR,2017,Not released
Bahrain,BHR,2018,Not released
Bahrain,BHR,2019,Not released
Bahrain,BHR,2020,Not released
Bahrain,BHR,2021,Not released
Bahrain,BHR,2022,Not released
Bahrain,BHR,2023,Released
Bangladesh,BGD,2017,Not released
Bangladesh,BGD,2018,Not released
Bangladesh,BGD,2019,Released
Bangladesh,BGD,2020,Released
Bangladesh,BGD,2021,Released
Bangladesh,BGD,2022,Released
Bangladesh,BGD,2023,Released
Barbados,BRB,2017,Not released
Barbados,BRB,2018,Not released
Barbados,BRB,2019,Not released
Barbados,BRB,2020,Not released
Barbados,BRB,2021,Not released
Barbados,BRB,2022,Not released
Barbados,BRB,2023,In Development
Belarus,BLR,2017,Not released
Belarus,BLR,2018,Not released
Belarus,BLR,2019,Not released
Belarus,BLR,2020,Not released
Belarus,BLR,2021,Not released
Belarus,BLR,2022,Not released
Belarus,BLR,2023,In Development
Belgium,BEL,2017,Not released
Belgium,BEL,2018,Not released
Belgium,BEL,2019,Not released
Belgium,BEL,2020,Not released
Belgium,BEL,2021,Not released
Belgium,BEL,2022,Released
Belgium,BEL,2023,Released
Belize,BLZ,2017,Not released
Belize,BLZ,2018,Not released
Belize,BLZ,2019,Not released
Belize,BLZ,2020,Not released
Belize,BLZ,2021,Not released
Belize,BLZ,2022,Not released
Belize,BLZ,2023,Not released
Benin,BEN,2017,Not released
Benin,BEN,2018,Not released
Benin,BEN,2019,Not released
Benin,BEN,2020,Not released
Benin,BEN,2021,Not released
Benin,BEN,2022,Not released
Benin,BEN,2023,Released
Bermuda,BMU,2017,Not released
Bermuda,BMU,2018,Not released
Bermuda,BMU,2019,Not released
Bermuda,BMU,2020,Not released
Bermuda,BMU,2021,Not released
Bermuda,BMU,2022,Not released
Bermuda,BMU,2023,Not released
Bhutan,BTN,2017,Not released
Bhutan,BTN,2018,Not released
Bhutan,BTN,2019,Not released
Bhutan,BTN,2020,Not released
Bhutan,BTN,2021,Not released
Bhutan,BTN,2022,Not released
Bhutan,BTN,2023,Not released
Bolivia,BOL,2017,Not released
Bolivia,BOL,2018,Not released
Bolivia,BOL,2019,Not released
Bolivia,BOL,2020,Not released
Bolivia,BOL,2021,Not released
Bolivia,BOL,2022,Not released
Bolivia,BOL,2023,Not released
Bonaire Sint Eustatius and Saba,BES,2017,Not released
Bonaire Sint Eustatius and Saba,BES,2018,Not released
Bonaire Sint Eustatius and Saba,BES,2019,Not released
Bonaire Sint Eustatius and Saba,BES,2020,Not released
Bonaire Sint Eustatius and Saba,BES,2021,Not released
Bonaire Sint Eustatius and Saba,BES,2022,Not released
Bonaire Sint Eustatius and Saba,BES,2023,Not released
Bosnia and Herzegovina,BIH,2017,Not released
Bosnia and Herzegovina,BIH,2018,Not released
Bosnia and Herzegovina,BIH,2019,Not released
Bosnia and Herzegovina,BIH,2020,Not released
Bosnia and Herzegovina,BIH,2021,Not released
Bosnia and Herzegovina,BIH,2022,Not released
Bosnia and Herzegovina,BIH,2023,Not released
Botswana,BWA,2017,Not released
Botswana,BWA,2018,Not released
Botswana,BWA,2019,Not released
Botswana,BWA,2020,Not released
Botswana,BWA,2021,Not released
Botswana,BWA,2022,Not released
Botswana,BWA,2023,Not released
Bouvet Island,BVT,2017,Not released
Bouvet Island,BVT,2018,Not released
Bouvet Island,BVT,2019,Not released
Bouvet Island,BVT,2020,Not released
Bouvet Island,BVT,2021,Not released
Bouvet Island,BVT,2022,Not released
Bouvet Island,BVT,2023,Not released
Brazil,BRA,2017,Not released
Brazil,BRA,2018,Not released
Brazil,BRA,2019,Not released
Brazil,BRA,2020,Not released
Brazil,BRA,2021,Released
Brazil,BRA,2022,Released
Brazil,BRA,2023,Released
British Indian Ocean Territory,IOT,2017,Not released
British Indian Ocean Territory,IOT,2018,Not released
British Indian Ocean Territory,IOT,2019,Not released
British Indian Ocean Territory,IOT,2020,Not released
British Indian Ocean Territory,IOT,2021,Not released
British Indian Ocean Territory,IOT,2022,Not released
British Indian Ocean Territory,IOT,2023,Not released
British Virgin Islands,VGB,2017,Not released
British Virgin Islands,VGB,2018,Not released
British Virgin Islands,VGB,2019,Not released
British Virgin Islands,VGB,2020,Not released
British Virgin Islands,VGB,2021,Not released
British Virgin Islands,VGB,2022,Not released
British Virgin Islands,VGB,2023,Not released
Brunei,BRN,2017,Not released
Brunei,BRN,2018,Not released
Brunei,BRN,2019,Not released
Brunei,BRN,2020,Not released
Brunei,BRN,2021,Not released
Brunei,BRN,2022,Not released
Brunei,BRN,2023,Not released
Bulgaria,BGR,2017,Not released
Bulgaria,BGR,2018,Not released
Bulgaria,BGR,2019,Not released
Bulgaria,BGR,2020,Released
Bulgaria,BGR,2021,Released
Bulgaria,BGR,2022,Released
Bulgaria,BGR,2023,Released
Burkina Faso,BFA,2017,Not released
Burkina Faso,BFA,2018,Not released
Burkina Faso,BFA,2019,Not released
Burkina Faso,BFA,2020,Not released
Burkina Faso,BFA,2021,Not released
Burkina Faso,BFA,2022,Not released
Burkina Faso,BFA,2023,Not released
Burundi,BDI,2017,Not released
Burundi,BDI,2018,Not released
Burundi,BDI,2019,Not released
Burundi,BDI,2020,Not released
Burundi,BDI,2021,Not released
Burundi,BDI,2022,Not released
Burundi,BDI,2023,Not released
Cambodia,KHM,2017,Not released
Cambodia,KHM,2018,Not released
Cambodia,KHM,2019,Not released
Cambodia,KHM,2020,Not released
Cambodia,KHM,2021,Not released
Cambodia,KHM,2022,Not released
Cambodia,KHM,2023,Not released
Cameroon,CMR,2017,Not released
Cameroon,CMR,2018,Not released
Cameroon,CMR,2019,Not released
Cameroon,CMR,2020,Not released
Cameroon,CMR,2021,Not released
Cameroon,CMR,2022,Not released
Cameroon,CMR,2023,Not released
Canada,CAN,2017,Released
Canada,CAN,2018,Released
Canada,CAN,2019,Released
Canada,CAN,2020,Released
Canada,CAN,2021,Released
Canada,CAN,2022,Released
Canada,CAN,2023,Released
Cape Verde,CPV,2017,Not released
Cape Verde,CPV,2018,Not released
Cape Verde,CPV,2019,Not released
Cape Verde,CPV,2020,Not released
Cape Verde,CPV,2021,Not released
Cape Verde,CPV,2022,Not released
Cape Verde,CPV,2023,Not released
Cayman Islands,CYM,2017,Not released
Cayman Islands,CYM,2018,Not released
Cayman Islands,CYM,2019,Not released
Cayman Islands,CYM,2020,Not released
Cayman Islands,CYM,2021,Not released
Cayman Islands,CYM,2022,Not released
Cayman Islands,CYM,2023,Not released
Central African Republic,CAF,2017,Not released
Central African Republic,CAF,2018,Not released
Central African Republic,CAF,2019,Not released
Central African Republic,CAF,2020,Not released
Central African Republic,CAF,2021,Not released
Central African Republic,CAF,2022,Not released
Central African Republic,CAF,2023,Not released
Chad,TCD,2017,Not released
Chad,TCD,2018,Not released
Chad,TCD,2019,Not released
Chad,TCD,2020,Not released
Chad,TCD,2021,Not released
Chad,TCD,2022,Not released
Chad,TCD,2023,Not released
Channel Islands,OWID_CIS,2017,Not released
Channel Islands,OWID_CIS,2018,Not released
Channel Islands,OWID_CIS,2019,Not released
Channel Islands,OWID_CIS,2020,Not released
Channel Islands,OWID_CIS,2021,Not released
Channel Islands,OWID_CIS,2022,Not released
Channel Islands,OWID_CIS,2023,Not released
Chile,CHL,2017,Not released
Chile,CHL,2018,Not released
Chile,CHL,2019,Released
Chile,CHL,2020,Released
Chile,CHL,2021,Released
Chile,CHL,2022,Released
Chile,CHL,2023,Released
China,CHN,2017,Released
China,CHN,2018,Released
China,CHN,2019,Released
China,CHN,2020,Released
China,CHN,2021,Released
China,CHN,2022,Released
China,CHN,2023,Released
Christmas Island,CXR,2017,Not released
Christmas Island,CXR,2018,Not released
Christmas Island,CXR,2019,Not released
Christmas Island,CXR,2020,Not released
Christmas Island,CXR,2021,Not released
Christmas Island,CXR,2022,Not released
Christmas Island,CXR,2023,Not released
Cocos Islands,CCK,2017,Not released
Cocos Islands,CCK,2018,Not released
Cocos Islands,CCK,2019,Not released
Cocos Islands,CCK,2020,Not released
Cocos Islands,CCK,2021,Not released
Cocos Islands,CCK,2022,Not released
Cocos Islands,CCK,2023,Not released
Colombia,COL,2017,Not released
Colombia,COL,2018,Not released
Colombia,COL,2019,Released
Colombia,COL,2020,Released
Colombia,COL,2021,Released
Colombia,COL,2022,Released
Colombia,COL,2023,Released
Comoros,COM,2017,Not released
Comoros,COM,2018,Not released
Comoros,COM,2019,Not released
Comoros,COM,2020,Not released
Comoros,COM,2021,Not released
Comoros,COM,2022,Not released
Comoros,COM,2023,Not released
Congo,COG,2017,Not released
Congo,COG,2018,Not released
Congo,COG,2019,Not released
Congo,COG,2020,Not released
Congo,COG,2021,Not released
Congo,COG,2022,Not released
Congo,COG,2023,Not released
Cook Islands,COK,2017,Not released
Cook Islands,COK,2018,Not released
Cook Islands,COK,2019,Not released
Cook Islands,COK,2020,Not released
Cook Islands,COK,2021,Not released
Cook Islands,COK,2022,Not released
Cook Islands,COK,2023,Not released
Costa Rica,CRI,2017,Not released
Costa Rica,CRI,2018,Not released
Costa Rica,CRI,2019,Not released
Costa Rica,CRI,2020,Not released
Costa Rica,CRI,2021,Not released
Costa Rica,CRI,2022,Not released
Costa Rica,CRI,2023,In Development
Cote d'Ivoire,CIV,2017,Not released
Cote d'Ivoire,CIV,2018,Not released
Cote d'Ivoire,CIV,2019,Not released
Cote d'Ivoire,CIV,2020,Not released
Cote d'Ivoire,CIV,2021,Not released
Cote d'Ivoire,CIV,2022,Not released
Cote d'Ivoire,CIV,2023,Not released
Croatia,HRV,2017,Not released
Croatia,HRV,2018,Not released
Croatia,HRV,2019,Not released
Croatia,HRV,2020,Released
Croatia,HRV,2021,Released
Croatia,HRV,2022,Released
Croatia,HRV,2023,Released
Cuba,CUB,2017,Not released
Cuba,CUB,2018,Not released
Cuba,CUB,2019,Not released
Cuba,CUB,2020,Not released
Cuba,CUB,2021,In Development
Cuba,CUB,2022,In Development
Cuba,CUB,2023,In Development
Curacao,CUW,2017,Not released
Curacao,CUW,2018,Not released
Curacao,CUW,2019,Not released
Curacao,CUW,2020,Not released
Curacao,CUW,2021,Not released
Curacao,CUW,2022,Not released
Curacao,CUW,2023,Not released
Cyprus,CYP,2017,Not released
Cyprus,CYP,2018,Not released
Cyprus,CYP,2019,Released
Cyprus,CYP,2020,Released
Cyprus,CYP,2021,Released
Cyprus,CYP,2022,Released
Cyprus,CYP,2023,Released
Czechia,CZE,2017,Not released
Czechia,CZE,2018,Not released
Czechia,CZE,2019,Released
Czechia,CZE,2020,Released
Czechia,CZE,2021,Released
Czechia,CZE,2022,Released
Czechia,CZE,2023,Released
Czechoslovakia,OWID_CZS,2017,Not released
Czechoslovakia,OWID_CZS,2018,Not released
Czechoslovakia,OWID_CZS,2019,Not released
Czechoslovakia,OWID_CZS,2020,Not released
Czechoslovakia,OWID_CZS,2021,Not released
Czechoslovakia,OWID_CZS,2022,Not released
Czechoslovakia,OWID_CZS,2023,Not released
Democratic Republic of Congo,COD,2017,Not released
Democratic Republic of Congo,COD,2018,Not released
Democratic Republic of Congo,COD,2019,Not released
Democratic Republic of Congo,COD,2020,Not released
Democratic Republic of Congo,COD,2021,Not released
Democratic Republic of Congo,COD,2022,Not released
Democratic Republic of Congo,COD,2023,Not released
Democratic Republic of Vietnam,,2017,Not released
Democratic Republic of Vietnam,,2018,Not released
Democratic Republic of Vietnam,,2019,Not released
Democratic Republic of Vietnam,,2020,Not released
Democratic Republic of Vietnam,,2021,Not released
Democratic Republic of Vietnam,,2022,Not released
Democratic Republic of Vietnam,,2023,Not released
Denmark,DNK,2017,Not released
Denmark,DNK,2018,Not released
Denmark,DNK,2019,Released
Denmark,DNK,2020,Released
Denmark,DNK,2021,Released
Denmark,DNK,2022,Released
Denmark,DNK,2023,Released
Djibouti,DJI,2017,Not released
Djibouti,DJI,2018,Not released
Djibouti,DJI,2019,Not released
Djibouti,DJI,2020,Not released
Djibouti,DJI,2021,Not released
Djibouti,DJI,2022,Not released
Djibouti,DJI,2023,Not released
Dominica,DMA,2017,Not released
Dominica,DMA,2018,Not released
Dominica,DMA,2019,Not released
Dominica,DMA,2020,Not released
Dominica,DMA,2021,Not released
Dominica,DMA,2022,Not released
Dominica,DMA,2023,Not released
Dominican Republic,DOM,2017,Not released
Dominican Republic,DOM,2018,Not released
Dominican Republic,DOM,2019,Not released
Dominican Republic,DOM,2020,Not released
Dominican Republic,DOM,2021,Not released
Dominican Republic,DOM,2022,Not released
Dominican Republic,DOM,2023,Released
Duchy of Modena and Reggio,,2017,Not released
Duchy of Modena and Reggio,,2018,Not released
Duchy of Modena and Reggio,,2019,Not released
Duchy of Modena and Reggio,,2020,Not released
Duchy of Modena and Reggio,,2021,Not released
Duchy of Modena and Reggio,,2022,Not released
Duchy of Modena and Reggio,,2023,Not released
Duchy of Parma and Piacenza,,2017,Not released
Duchy of Parma and Piacenza,,2018,Not released
Duchy of Parma and Piacenza,,2019,Not released
Duchy of Parma and Piacenza,,2020,Not released
Duchy of Parma and Piacenza,,2021,Not released
Duchy of Parma and Piacenza,,2022,Not released
Duchy of Parma and Piacenza,,2023,Not released
East Germany,OWID_GDR,2017,Not released
East Germany,OWID_GDR,2018,Not released
East Germany,OWID_GDR,2019,Not released
East Germany,OWID_GDR,2020,Not released
East Germany,OWID_GDR,2021,Not released
East Germany,OWID_GDR,2022,Not released
East Germany,OWID_GDR,2023,Not released
East Timor,TLS,2017,Not released
East Timor,TLS,2018,Not released
East Timor,TLS,2019,Not released
East Timor,TLS,2020,Not released
East Timor,TLS,2021,Not released
East Timor,TLS,2022,Not released
East Timor,TLS,2023,Not released
Ecuador,ECU,2017,Not released
Ecuador,ECU,2018,Not released
Ecuador,ECU,2019,Not released
Ecuador,ECU,2020,Not released
Ecuador,ECU,2021,Not released
Ecuador,ECU,2022,Not released
Ecuador,ECU,2023,Not released
Egypt,EGY,2017,Not released
Egypt,EGY,2018,Not released
Egypt,EGY,2019,Released
Egypt,EGY,2020,Released
Egypt,EGY,2021,Released
Egypt,EGY,2022,Released
Egypt,EGY,2023,Released
El Salvador,SLV,2017,Not released
El Salvador,SLV,2018,Not released
El Salvador,SLV,2019,Not released
El Salvador,SLV,2020,Not released
El Salvador,SLV,2021,Not released
El Salvador,SLV,2022,Not released
El Salvador,SLV,2023,Not released
Equatorial Guinea,GNQ,2017,Not released
Equatorial Guinea,GNQ,2018,Not released
Equatorial Guinea,GNQ,2019,Not released
Equatorial Guinea,GNQ,2020,Not released
Equatorial Guinea,GNQ,2021,Not released
Equatorial Guinea,GNQ,2022,Not released
Equatorial Guinea,GNQ,2023,Not released
Eritrea,ERI,2017,Not released
Eritrea,ERI,2018,Not released
Eritrea,ERI,2019,Not released
Eritrea,ERI,2020,Not released
Eritrea,ERI,2021,Not released
Eritrea,ERI,2022,Not released
Eritrea,ERI,2023,Not released
Estonia,EST,2017,Not released
Estonia,EST,2018,Not released
Estonia,EST,2019,Released
Estonia,EST,2020,Released
Estonia,EST,2021,Released
Estonia,EST,2022,Released
Estonia,EST,2023,Released
Eswatini,SWZ,2017,Not released
Eswatini,SWZ,2018,Not released
Eswatini,SWZ,2019,Not released
Eswatini,SWZ,2020,Not released
Eswatini,SWZ,2021,Not released
Eswatini,SWZ,2022,Not released
Eswatini,SWZ,2023,Not released
Ethiopia,ETH,2017,Not released
Ethiopia,ETH,2018,Not released
Ethiopia,ETH,2019,Not released
Ethiopia,ETH,2020,Not released
Ethiopia,ETH,2021,Not released
Ethiopia,ETH,2022,Not released
Ethiopia,ETH,2023,Released
Ethiopia (former),OWID_ERE,2017,Not released
Ethiopia (former),OWID_ERE,2018,Not released
Ethiopia (former),OWID_ERE,2019,Not released
Ethiopia (former),OWID_ERE,2020,Not released
Ethiopia (former),OWID_ERE,2021,Not released
Ethiopia (former),OWID_ERE,2022,Not released
Ethiopia (former),OWID_ERE,2023,Not released
Europe,,2017,Not released
Europe,,2018,Not released
Europe,,2019,Not released
Europe,,2020,Not released
Europe,,2021,Not released
Europe,,2022,Not released
Europe,,2023,Not released
European Union (27),,2017,Not released
European Union (27),,2018,Not released
European Union (27),,2019,Not released
European Union (27),,2020,Not released
European Union (27),,2021,Not released
European Union (27),,2022,Not released
European Union (27),,2023,Not released
Falkland Islands,FLK,2017,Not released
Falkland Islands,FLK,2018,Not released
Falkland Islands,FLK,2019,Not released
Falkland Islands,FLK,2020,Not released
Falkland Islands,FLK,2021,Not released
Falkland Islands,FLK,2022,Not released
Falkland Islands,FLK,2023,Not released
Faroe Islands,FRO,2017,Not released
Faroe Islands,FRO,2018,Not released
Faroe Islands,FRO,2019,Not released
Faroe Islands,FRO,2020,Not released
Faroe Islands,FRO,2021,Not released
Faroe Islands,FRO,2022,Not released
Faroe Islands,FRO,2023,Not released
Federal Republic of Central America,,2017,Not released
Federal Republic of Central America,,2018,Not released
Federal Republic of Central America,,2019,Not released
Federal Republic of Central America,,2020,Not released
Federal Republic of Central America,,2021,Not released
Federal Republic of Central America,,2022,Not released
Federal Republic of Central America,,2023,Not released
Fiji,FJI,2017,Not released
Fiji,FJI,2018,Not released
Fiji,FJI,2019,Not released
Fiji,FJI,2020,Not released
Fiji,FJI,2021,Not released
Fiji,FJI,2022,Not released
Fiji,FJI,2023,Not released
Finland,FIN,2017,Released
Finland,FIN,2018,Released
Finland,FIN,2019,Released
Finland,FIN,2020,Released
Finland,FIN,2021,Released
Finland,FIN,2022,Released
Finland,FIN,2023,Released
France,FRA,2017,Not released
France,FRA,2018,Released
France,FRA,2019,Released
France,FRA,2020,Released
France,FRA,2021,Released
France,FRA,2022,Released
France,FRA,2023,Released
French Guiana,GUF,2017,Not released
French Guiana,GUF,2018,Not released
French Guiana,GUF,2019,Not released
French Guiana,GUF,2020,Not released
French Guiana,GUF,2021,Not released
French Guiana,GUF,2022,Not released
French Guiana,GUF,2023,Not released
French Polynesia,PYF,2017,Not released
French Polynesia,PYF,2018,Not released
French Polynesia,PYF,2019,Not released
French Polynesia,PYF,2020,Not released
French Polynesia,PYF,2021,Not released
French Polynesia,PYF,2022,Not released
French Polynesia,PYF,2023,Not released
French Southern Territories,ATF,2017,Not released
French Southern Territories,ATF,2018,Not released
French Southern Territories,ATF,2019,Not released
French Southern Territories,ATF,2020,Not released
French Southern Territories,ATF,2021,Not released
French Southern Territories,ATF,2022,Not released
French Southern Territories,ATF,2023,Not released
Gabon,GAB,2017,Not released
Gabon,GAB,2018,Not released
Gabon,GAB,2019,Not released
Gabon,GAB,2020,Not released
Gabon,GAB,2021,Not released
Gabon,GAB,2022,Not released
Gabon,GAB,2023,Not released
Gambia,GMB,2017,Not released
Gambia,GMB,2018,Not released
Gambia,GMB,2019,Not released
Gambia,GMB,2020,Not released
Gambia,GMB,2021,Not released
Gambia,GMB,2022,Not released
Gambia,GMB,2023,Not released
Gaza Strip,,2017,Not released
Gaza Strip,,2018,Not released
Gaza Strip,,2019,Not released
Gaza Strip,,2020,Not released
Gaza Strip,,2021,Not released
Gaza Strip,,2022,Not released
Gaza Strip,,2023,Not released
Georgia,GEO,2017,Not released
Georgia,GEO,2018,Not released
Georgia,GEO,2019,Not released
Georgia,GEO,2020,Not released
Georgia,GEO,2021,Not released
Georgia,GEO,2022,Not released
Georgia,GEO,2023,Not released
Germany,DEU,2017,Not released
Germany,DEU,2018,Released
Germany,DEU,2019,Released
Germany,DEU,2020,Released
Germany,DEU,2021,Released
Germany,DEU,2022,Released
Germany,DEU,2023,Released
Ghana,GHA,2017,Not released
Ghana,GHA,2018,Not released
Ghana,GHA,2019,Not released
Ghana,GHA,2020,Not released
Ghana,GHA,2021,Not released
Ghana,GHA,2022,Released
Ghana,GHA,2023,Released
Gibraltar,GIB,2017,Not released
Gibraltar,GIB,2018,Not released
Gibraltar,GIB,2019,Not released
Gibraltar,GIB,2020,Not released
Gibraltar,GIB,2021,Not released
Gibraltar,GIB,2022,Not released
Gibraltar,GIB,2023,Not released
Grand Duchy of Baden,,2017,Not released
Grand Duchy of Baden,,2018,Not released
Grand Duchy of Baden,,2019,Not released
Grand Duchy of Baden,,2020,Not released
Grand Duchy of Baden,,2021,Not released
Grand Duchy of Baden,,2022,Not released
Grand Duchy of Baden,,2023,Not released
Grand Duchy of Tuscany,,2017,Not released
Grand Duchy of Tuscany,,2018,Not released
Grand Duchy of Tuscany,,2019,Not released
Grand Duchy of Tuscany,,2020,Not released
Grand Duchy of Tuscany,,2021,Not released
Grand Duchy of Tuscany,,2022,Not released
Grand Duchy of Tuscany,,2023,Not released
Great Colombia,,2017,Not released
Great Colombia,,2018,Not released
Great Colombia,,2019,Not released
Great Colombia,,2020,Not released
Great Colombia,,2021,Not released
Great Colombia,,2022,Not released
Great Colombia,,2023,Not released
Greece,GRC,2017,Not released
Greece,GRC,2018,Not released
Greece,GRC,2019,Not released
Greece,GRC,2020,Released
Greece,GRC,2021,Released
Greece,GRC,2022,Released
Greece,GRC,2023,Released
Greenland,GRL,2017,Not released
Greenland,GRL,2018,Not released
Greenland,GRL,2019,Not released
Greenland,GRL,2020,Not released
Greenland,GRL,2021,Not released
Greenland,GRL,2022,Not released
Greenland,GRL,2023,Not released
Grenada,GRD,2017,Not released
Grenada,GRD,2018,Not released
Grenada,GRD,2019,Not released
Grenada,GRD,2020,Not released
Grenada,GRD,2021,Not released
Grenada,GRD,2022,Not released
Grenada,GRD,2023,Not released
Guadeloupe,GLP,2017,Not released
Guadeloupe,GLP,2018,Not released
Guadeloupe,GLP,2019,Not released
Guadeloupe,GLP,2020,Not released
Guadeloupe,GLP,2021,Not released
Guadeloupe,GLP,2022,Not released
Guadeloupe,GLP,2023,Not released
Guam,GUM,2017,Not released
Guam,GUM,2018,Not released
Guam,GUM,2019,Not released
Guam,GUM,2020,Not released
Guam,GUM,2021,Not released
Guam,GUM,2022,Not released
Guam,GUM,2023,Not released
Guatemala,GTM,2017,Not released
Guatemala,GTM,2018,Not released
Guatemala,GTM,2019,Not released
Guatemala,GTM,2020,Not released
Guatemala,GTM,2021,Not released
Guatemala,GTM,2022,Not released
Guatemala,GTM,2023,Not released
Guernsey,GGY,2017,Not released
Guernsey,GGY,2018,Not released
Guernsey,GGY,2019,Not released
Guernsey,GGY,2020,Not released
Guernsey,GGY,2021,Not released
Guernsey,GGY,2022,Not released
Guernsey,GGY,2023,Not released
Guinea,GIN,2017,Not released
Guinea,GIN,2018,Not released
Guinea,GIN,2019,Not released
Guinea,GIN,2020,Not released
Guinea,GIN,2021,Not released
Guinea,GIN,2022,Not released
Guinea,GIN,2023,Not released
Guinea-Bissau,GNB,2017,Not released
Guinea-Bissau,GNB,2018,Not released
Guinea-Bissau,GNB,2019,Not released
Guinea-Bissau,GNB,2020,Not released
Guinea-Bissau,GNB,2021,Not released
Guinea-Bissau,GNB,2022,Not released
Guinea-Bissau,GNB,2023,Not released
Guyana,GUY,2017,Not released
Guyana,GUY,2018,Not released
Guyana,GUY,2019,Not released
Guyana,GUY,2020,Not released
Guyana,GUY,2021,Not released
Guyana,GUY,2022,Not released
Guyana,GUY,2023,Not released
Haiti,HTI,2017,Not released
Haiti,HTI,2018,Not released
Haiti,HTI,2019,Not released
Haiti,HTI,2020,Not released
Haiti,HTI,2021,Not released
Haiti,HTI,2022,Not released
Haiti,HTI,2023,Not released
Heard Island and McDonald Islands,HMD,2017,Not released
Heard Island and McDonald Islands,HMD,2018,Not released
Heard Island and McDonald Islands,HMD,2019,Not released
Heard Island and McDonald Islands,HMD,2020,Not released
Heard Island and McDonald Islands,HMD,2021,Not released
Heard Island and McDonald Islands,HMD,2022,Not released
Heard Island and McDonald Islands,HMD,2023,Not released
Honduras,HND,2017,Not released
Honduras,HND,2018,Not released
Honduras,HND,2019,Not released
Honduras,HND,2020,Not released
Honduras,HND,2021,Not released
Honduras,HND,2022,Not released
Honduras,HND,2023,Not released
Hong Kong,HKG,2017,Not released
Hong Kong,HKG,2018,Not released
Hong Kong,HKG,2019,Not released
Hong Kong,HKG,2020,Not released
Hong Kong,HKG,2021,Released
Hong Kong,HKG,2022,Released
Hong Kong,HKG,2023,Released
Hungary,HUN,2017,Not released
Hungary,HUN,2018,Not released
Hungary,HUN,2019,Not released
Hungary,HUN,2020,Released
Hungary,HUN,2021,Released
Hungary,HUN,2022,Released
Hungary,HUN,2023,Released
Iceland,ISL,2017,Not released
Iceland,ISL,2018,Not released
Iceland,ISL,2019,Not released
Iceland,ISL,2020,Not released
Iceland,ISL,2021,In Development
Iceland,ISL,2022,In Development
Iceland,ISL,2023,In Development
India,IND,2017,Not released
India,IND,2018,Released
India,IND,2019,Released
India,IND,2020,Released
India,IND,2021,Released
India,IND,2022,Released
India,IND,2023,Released
Indonesia,IDN,2017,Not released
Indonesia,IDN,2018,Not released
Indonesia,IDN,2019,Not released
Indonesia,IDN,2020,Released
Indonesia,IDN,2021,Released
Indonesia,IDN,2022,Released
Indonesia,IDN,2023,Released
Iran,IRN,2017,Not released
Iran,IRN,2018,Not released
Iran,IRN,2019,Not released
Iran,IRN,2020,Not released
Iran,IRN,2021,Not released
Iran,IRN,2022,Released
Iran,IRN,2023,Released
Iraq,IRQ,2017,Not released
Iraq,IRQ,2018,Not released
Iraq,IRQ,2019,Not released
Iraq,IRQ,2020,Not released
Iraq,IRQ,2021,Not released
Iraq,IRQ,2022,Not released
Iraq,IRQ,2023,Released
Ireland,IRL,2017,Not released
Ireland,IRL,2018,Not released
Ireland,IRL,2019,Not released
Ireland,IRL,2020,Not released
Ireland,IRL,2021,Released
Ireland,IRL,2022,Released
Ireland,IRL,2023,Released
Isle of Man,IMN,2017,Not released
Isle of Man,IMN,2018,Not released
Isle of Man,IMN,2019,Not released
Isle of Man,IMN,2020,Not released
Isle of Man,IMN,2021,Not released
Isle of Man,IMN,2022,Not released
Isle of Man,IMN,2023,Not released
Israel,ISR,2017,Not released
Israel,ISR,2018,Not released
Israel,ISR,2019,Not released
Israel,ISR,2020,Not released
Israel,ISR,2021,Not released
Israel,ISR,2022,Not released
Israel,ISR,2023,Released
Italy,ITA,2017,Not released
Italy,ITA,2018,Not released
Italy,ITA,2019,Not released
Italy,ITA,2020,Not released
Italy,ITA,2021,Not released
Italy,ITA,2022,Released
Italy,ITA,2023,Released
Jamaica,JAM,2017,Not released
Jamaica,JAM,2018,Not released
Jamaica,JAM,2019,Not released
Jamaica,JAM,2020,Not released
Jamaica,JAM,2021,Not released
Jamaica,JAM,2022,Not released
Jamaica,JAM,2023,In Development
Japan,JPN,2017,Not released
Japan,JPN,2018,Not released
Japan,JPN,2019,Released
Japan,JPN,2020,Released
Japan,JPN,2021,Released
Japan,JPN,2022,Released
Japan,JPN,2023,Released
Jersey,JEY,2017,Not released
Jersey,JEY,2018,Not released
Jersey,JEY,2019,Not released
Jersey,JEY,2020,Not released
Jersey,JEY,2021,Not released
Jersey,JEY,2022,Not released
Jersey,JEY,2023,Not released
Jordan,JOR,2017,Not released
Jordan,JOR,2018,Not released
Jordan,JOR,2019,Not released
Jordan,JOR,2020,Not released
Jordan,JOR,2021,Not released
Jordan,JOR,2022,Released
Jordan,JOR,2023,Released
Kazakhstan,KAZ,2017,Not released
Kazakhstan,KAZ,2018,Not released
Kazakhstan,KAZ,2019,Not released
Kazakhstan,KAZ,2020,Not released
Kazakhstan,KAZ,2021,Not released
Kazakhstan,KAZ,2022,Not released
Kazakhstan,KAZ,2023,Not released
Kenya,KEN,2017,Not released
Kenya,KEN,2018,Not released
Kenya,KEN,2019,Not released
Kenya,KEN,2020,Not released
Kenya,KEN,2021,Not released
Kenya,KEN,2022,In Development
Kenya,KEN,2023,In Development
Kingdom of Bavaria,,2017,Not released
Kingdom of Bavaria,,2018,Not released
Kingdom of Bavaria,,2019,Not released
Kingdom of Bavaria,,2020,Not released
Kingdom of Bavaria,,2021,Not released
Kingdom of Bavaria,,2022,Not released
Kingdom of Bavaria,,2023,Not released
Kingdom of Sardinia,,2017,Not released
Kingdom of Sardinia,,2018,Not released
Kingdom of Sardinia,,2019,Not released
Kingdom of Sardinia,,2020,Not released
Kingdom of Sardinia,,2021,Not released
Kingdom of Sardinia,,2022,Not released
Kingdom of Sardinia,,2023,Not released
Kingdom of Saxony,,2017,Not released
Kingdom of Saxony,,2018,Not released
Kingdom of Saxony,,2019,Not released
Kingdom of Saxony,,2020,Not released
Kingdom of Saxony,,2021,Not released
Kingdom of Saxony,,2022,Not released
Kingdom of Saxony,,2023,Not released
Kingdom of Wurttemberg,,2017,Not released
Kingdom of Wurttemberg,,2018,Not released
Kingdom of Wurttemberg,,2019,Not released
Kingdom of Wurttemberg,,2020,Not released
Kingdom of Wurttemberg,,2021,Not released
Kingdom of Wurttemberg,,2022,Not released
Kingdom of Wurttemberg,,2023,Not released
Kingdom of the Two Sicilies,,2017,Not released
Kingdom of the Two Sicilies,,2018,Not released
Kingdom of the Two Sicilies,,2019,Not released
Kingdom of the Two Sicilies,,2020,Not released
Kingdom of the Two Sicilies,,2021,Not released
Kingdom of the Two Sicilies,,2022,Not released
Kingdom of the Two Sicilies,,2023,Not released
Kiribati,KIR,2017,Not released
Kiribati,KIR,2018,Not released
Kiribati,KIR,2019,Not released
Kiribati,KIR,2020,Not released
Kiribati,KIR,2021,Not released
Kiribati,KIR,2022,Not released
Kiribati,KIR,2023,Not released
Korea (former),OWID_KRU,2017,Not released
Korea (former),OWID_KRU,2018,Not released
Korea (former),OWID_KRU,2019,Not released
Korea (former),OWID_KRU,2020,Not released
Korea (former),OWID_KRU,2021,Not released
Korea (former),OWID_KRU,2022,Not released
Korea (former),OWID_KRU,2023,Not released
Kosovo,OWID_KOS,2017,Not released
Kosovo,OWID_KOS,2018,Not released
Kosovo,OWID_KOS,2019,Not released
Kosovo,OWID_KOS,2020,Not released
Kosovo,OWID_KOS,2021,Not released
Kosovo,OWID_KOS,2022,Not released
Kosovo,OWID_KOS,2023,Not released
Kuwait,KWT,2017,Not released
Kuwait,KWT,2018,Not released
Kuwait,KWT,2019,Not released
Kuwait,KWT,2020,Not released
Kuwait,KWT,2021,Not released
Kuwait,KWT,2022,Not released
Kuwait,KWT,2023,Not released
Kyrgyzstan,KGZ,2017,Not released
Kyrgyzstan,KGZ,2018,Not released
Kyrgyzstan,KGZ,2019,Not released
Kyrgyzstan,KGZ,2020,Not released
Kyrgyzstan,KGZ,2021,Not released
Kyrgyzstan,KGZ,2022,Not released
Kyrgyzstan,KGZ,2023,Not released
Laos,LAO,2017,Not released
Laos,LAO,2018,Not released
Laos,LAO,2019,Not released
Laos,LAO,2020,Not released
Laos,LAO,2021,Not released
Laos,LAO,2022,Not released
Laos,LAO,2023,Not released
Latvia,LVA,2017,Not released
Latvia,LVA,2018,Not released
Latvia,LVA,2019,Not released
Latvia,LVA,2020,Released
Latvia,LVA,2021,Released
Latvia,LVA,2022,Released
Latvia,LVA,2023,Released
Lebanon,LBN,2017,Not released
Lebanon,LBN,2018,Not released
Lebanon,LBN,2019,Not released
Lebanon,LBN,2020,Not released
Lebanon,LBN,2021,Not released
Lebanon,LBN,2022,Not released
Lebanon,LBN,2023,Not released
Lesotho,LSO,2017,Not released
Lesotho,LSO,2018,Not released
Lesotho,LSO,2019,Not released
Lesotho,LSO,2020,Not released
Lesotho,LSO,2021,Not released
Lesotho,LSO,2022,Not released
Lesotho,LSO,2023,Not released
Liberia,LBR,2017,Not released
Liberia,LBR,2018,Not released
Liberia,LBR,2019,Not released
Liberia,LBR,2020,Not released
Liberia,LBR,2021,Not released
Liberia,LBR,2022,Not released
Liberia,LBR,2023,Not released
Libya,LBY,2017,Not released
Libya,LBY,2018,Not released
Libya,LBY,2019,Not released
Libya,LBY,2020,Not released
Libya,LBY,2021,Not released
Libya,LBY,2022,Not released
Libya,LBY,2023,Not released
Liechtenstein,LIE,2017,Not released
Liechtenstein,LIE,2018,Not released
Liechtenstein,LIE,2019,Not released
Liechtenstein,LIE,2020,Not released
Liechtenstein,LIE,2021,Not released
Liechtenstein,LIE,2022,Not released
Liechtenstein,LIE,2023,Not released
Lithuania,LTU,2017,Not released
Lithuania,LTU,2018,Not released
Lithuania,LTU,2019,Released
Lithuania,LTU,2020,Released
Lithuania,LTU,2021,Released
Lithuania,LTU,2022,Released
Lithuania,LTU,2023,Released
Luxembourg,LUX,2017,Not released
Luxembourg,LUX,2018,Not released
Luxembourg,LUX,2019,Released
Luxembourg,LUX,2020,Released
Luxembourg,LUX,2021,Released
Luxembourg,LUX,2022,Released
Luxembourg,LUX,2023,Released
Macao,MAC,2017,Not released
Macao,MAC,2018,Not released
Macao,MAC,2019,Not released
Macao,MAC,2020,Not released
Macao,MAC,2021,Not released
Macao,MAC,2022,Not released
Macao,MAC,2023,Not released
Madagascar,MDG,2017,Not released
Madagascar,MDG,2018,Not released
Madagascar,MDG,2019,Not released
Madagascar,MDG,2020,Not released
Madagascar,MDG,2021,Not released
Madagascar,MDG,2022,Not released
Madagascar,MDG,2023,Not released
Malawi,MWI,2017,Not released
Malawi,MWI,2018,Not released
Malawi,MWI,2019,Not released
Malawi,MWI,2020,Not released
Malawi,MWI,2021,Not released
Malawi,MWI,2022,Not released
Malawi,MWI,2023,Not released
Malaysia,MYS,2017,Not released
Malaysia,MYS,2018,Not released
Malaysia,MYS,2019,Not released
Malaysia,MYS,2020,Not released
Malaysia,MYS,2021,Released
Malaysia,MYS,2022,Released
Malaysia,MYS,2023,Released
Maldives,MDV,2017,Not released
Maldives,MDV,2018,Not released
Maldives,MDV,2019,Not released
Maldives,MDV,2020,Not released
Maldives,MDV,2021,Not released
Maldives,MDV,2022,Not released
Maldives,MDV,2023,Not released
Mali,MLI,2017,Not released
Mali,MLI,2018,Not released
Mali,MLI,2019,Not released
Mali,MLI,2020,Not released
Mali,MLI,2021,Not released
Mali,MLI,2022,Not released
Mali,MLI,2023,Not released
Malta,MLT,2017,Not released
Malta,MLT,2018,Not released
Malta,MLT,2019,Released
Malta,MLT,2020,Released
Malta,MLT,2021,Released
Malta,MLT,2022,Released
Malta,MLT,2023,Released
Marshall Islands,MHL,2017,Not released
Marshall Islands,MHL,2018,Not released
Marshall Islands,MHL,2019,Not released
Marshall Islands,MHL,2020,Not released
Marshall Islands,MHL,2021,Not released
Marshall Islands,MHL,2022,Not released
Marshall Islands,MHL,2023,Not released
Martinique,MTQ,2017,Not released
Martinique,MTQ,2018,Not released
Martinique,MTQ,2019,Not released
Martinique,MTQ,2020,Not released
Martinique,MTQ,2021,Not released
Martinique,MTQ,2022,Not released
Martinique,MTQ,2023,Not released
Mauritania,MRT,2017,Not released
Mauritania,MRT,2018,Not released
Mauritania,MRT,2019,Not released
Mauritania,MRT,2020,Not released
Mauritania,MRT,2021,Not released
Mauritania,MRT,2022,Not released
Mauritania,MRT,2023,Not released
Mauritius,MUS,2017,Not released
Mauritius,MUS,2018,Released
Mauritius,MUS,2019,Released
Mauritius,MUS,2020,Released
Mauritius,MUS,2021,Released
Mauritius,MUS,2022,Released
Mauritius,MUS,2023,Released
Mayotte,MYT,2017,Not released
Mayotte,MYT,2018,Not released
Mayotte,MYT,2019,Not released
Mayotte,MYT,2020,Not released
Mayotte,MYT,2021,Not released
Mayotte,MYT,2022,Not released
Mayotte,MYT,2023,Not released
Melanesia,OWID_MNS,2017,Not released
Melanesia,OWID_MNS,2018,Not released
Melanesia,OWID_MNS,2019,Not released
Melanesia,OWID_MNS,2020,Not released
Melanesia,OWID_MNS,2021,Not released
Melanesia,OWID_MNS,2022,Not released
Melanesia,OWID_MNS,2023,Not released
Mexico,MEX,2017,Not released
Mexico,MEX,2018,Released
Mexico,MEX,2019,Released
Mexico,MEX,2020,Released
Mexico,MEX,2021,Released
Mexico,MEX,2022,Released
Mexico,MEX,2023,Released
Micronesia (country),FSM,2017,Not released
Micronesia (country),FSM,2018,Not released
Micronesia (country),FSM,2019,Not released
Micronesia (country),FSM,2020,Not released
Micronesia (country),FSM,2021,Not released
Micronesia (country),FSM,2022,Not released
Micronesia (country),FSM,2023,Not released
Moldova,MDA,2017,Not released
Moldova,MDA,2018,Not released
Moldova,MDA,2019,Not released
Moldova,MDA,2020,Not released
Moldova,MDA,2021,Not released
Moldova,MDA,2022,Not released
Moldova,MDA,2023,Not released
Monaco,MCO,2017,Not released
Monaco,MCO,2018,Not released
Monaco,MCO,2019,Not released
Monaco,MCO,2020,Not released
Monaco,MCO,2021,Not released
Monaco,MCO,2022,Not released
Monaco,MCO,2023,Not released
Mongolia,MNG,2017,Not released
Mongolia,MNG,2018,Not released
Mongolia,MNG,2019,Not released
Mongolia,MNG,2020,Not released
Mongolia,MNG,2021,Not released
Mongolia,MNG,2022,Not released
Mongolia,MNG,2023,Not released
Montenegro,MNE,2017,Not released
Montenegro,MNE,2018,Not released
Montenegro,MNE,2019,Not released
Montenegro,MNE,2020,Not released
Montenegro,MNE,2021,Not released
Montenegro,MNE,2022,Not released
Montenegro,MNE,2023,Not released
Montserrat,MSR,2017,Not released
Montserrat,MSR,2018,Not released
Montserrat,MSR,2019,Not released
Montserrat,MSR,2020,Not released
Montserrat,MSR,2021,Not released
Montserrat,MSR,2022,Not released
Montserrat,MSR,2023,Not released
Morocco,MAR,2017,Not released
Morocco,MAR,2018,Not released
Morocco,MAR,2019,Not released
Morocco,MAR,2020,Not released
Morocco,MAR,2021,In Development
Morocco,MAR,2022,In Development
Morocco,MAR,2023,In Development
Mozambique,MOZ,2017,Not released
Mozambique,MOZ,2018,Not released
Mozambique,MOZ,2019,Not released
Mozambique,MOZ,2020,Not released
Mozambique,MOZ,2021,Not released
Mozambique,MOZ,2022,Not released
Mozambique,MOZ,2023,Not released
Myanmar,MMR,2017,Not released
Myanmar,MMR,2018,Not released
Myanmar,MMR,2019,Not released
Myanmar,MMR,2020,Not released
Myanmar,MMR,2021,Not released
Myanmar,MMR,2022,Not released
Myanmar,MMR,2023,Not released
Nagorno-Karabakh,OWID_NAG,2017,Not released
Nagorno-Karabakh,OWID_NAG,2018,Not released
Nagorno-Karabakh,OWID_NAG,2019,Not released
Nagorno-Karabakh,OWID_NAG,2020,Not released
Nagorno-Karabakh,OWID_NAG,2021,Not released
Nagorno-Karabakh,OWID_NAG,2022,Not released
Nagorno-Karabakh,OWID_NAG,2023,Not released
Namibia,NAM,2017,Not released
Namibia,NAM,2018,Not released
Namibia,NAM,2019,Not released
Namibia,NAM,2020,Not released
Namibia,NAM,2021,Not released
Namibia,NAM,2022,Not released
Namibia,NAM,2023,Not released
Nauru,NRU,2017,Not released
Nauru,NRU,2018,Not released
Nauru,NRU,2019,Not released
Nauru,NRU,2020,Not released
Nauru,NRU,2021,Not released
Nauru,NRU,2022,Not released
Nauru,NRU,2023,Not released
Nepal,NPL,2017,Not released
Nepal,NPL,2018,Not released
Nepal,NPL,2019,Not released
Nepal,NPL,2020,Not released
Nepal,NPL,2021,Not released
Nepal,NPL,2022,Not released
Nepal,NPL,2023,Not released
Netherlands,NLD,2017,Not released
Netherlands,NLD,2018,Not released
Netherlands,NLD,2019,Released
Netherlands,NLD,2020,Released
Netherlands,NLD,2021,Released
Netherlands,NLD,2022,Released
Netherlands,NLD,2023,Released
Netherlands Antilles,ANT,2017,Not released
Netherlands Antilles,ANT,2018,Not released
Netherlands Antilles,ANT,2019,Not released
Netherlands Antilles,ANT,2020,Not released
Netherlands Antilles,ANT,2021,Not released
Netherlands Antilles,ANT,2022,Not released
Netherlands Antilles,ANT,2023,Not released
New Caledonia,NCL,2017,Not released
New Caledonia,NCL,2018,Not released
New Caledonia,NCL,2019,Not released
New Caledonia,NCL,2020,Not released
New Caledonia,NCL,2021,Not released
New Caledonia,NCL,2022,Not released
New Caledonia,NCL,2023,Not released
New Zealand,NZL,2017,Not released
New Zealand,NZL,2018,Not released
New Zealand,NZL,2019,Not released
New Zealand,NZL,2020,Not released
New Zealand,NZL,2021,In Development
New Zealand,NZL,2022,In Development
New Zealand,NZL,2023,In Development
Nicaragua,NIC,2017,Not released
Nicaragua,NIC,2018,Not released
Nicaragua,NIC,2019,Not released
Nicaragua,NIC,2020,Not released
Nicaragua,NIC,2021,Not released
Nicaragua,NIC,2022,Not released
Nicaragua,NIC,2023,Not released
Niger,NER,2017,Not released
Niger,NER,2018,Not released
Niger,NER,2019,Not released
Niger,NER,2020,Not released
Niger,NER,2021,Not released
Niger,NER,2022,Not released
Niger,NER,2023,Not released
Nigeria,NGA,2017,Not released
Nigeria,NGA,2018,Not released
Nigeria,NGA,2019,Not released
Nigeria,NGA,2020,Not released
Nigeria,NGA,2021,Not released
Nigeria,NGA,2022,Not released
Nigeria,NGA,2023,Not released
Niue,NIU,2017,Not released
Niue,NIU,2018,Not released
Niue,NIU,2019,Not released
Niue,NIU,2020,Not released
Niue,NIU,2021,Not released
Niue,NIU,2022,Not released
Niue,NIU,2023,Not released
Norfolk Island,NFK,2017,Not released
Norfolk Island,NFK,2018,Not released
Norfolk Island,NFK,2019,Not released
Norfolk Island,NFK,2020,Not released
Norfolk Island,NFK,2021,Not released
Norfolk Island,NFK,2022,Not released
Norfolk Island,NFK,2023,Not released
North America,,2017,Not released
North America,,2018,Not released
North America,,2019,Not released
North America,,2020,Not released
North America,,2021,Not released
North America,,2022,Not released
North America,,2023,Not released
North Korea,PRK,2017,Not released
North Korea,PRK,2018,Not released
North Korea,PRK,2019,Not released
North Korea,PRK,2020,Not released
North Korea,PRK,2021,Not released
North Korea,PRK,2022,Not released
North Korea,PRK,2023,Not released
North Macedonia,MKD,2017,Not released
North Macedonia,MKD,2018,Not released
North Macedonia,MKD,2019,Not released
North Macedonia,MKD,2020,Not released
North Macedonia,MKD,2021,Not released
North Macedonia,MKD,2022,Not released
North Macedonia,MKD,2023,Not released
Northern Cyprus,OWID_CYN,2017,Not released
Northern Cyprus,OWID_CYN,2018,Not released
Northern Cyprus,OWID_CYN,2019,Not released
Northern Cyprus,OWID_CYN,2020,Not released
Northern Cyprus,OWID_CYN,2021,Not released
Northern Cyprus,OWID_CYN,2022,Not released
Northern Cyprus,OWID_CYN,2023,Not released
Northern Mariana Islands,MNP,2017,Not released
Northern Mariana Islands,MNP,2018,Not released
Northern Mariana Islands,MNP,2019,Not released
Northern Mariana Islands,MNP,2020,Not released
Northern Mariana Islands,MNP,2021,Not released
Northern Mariana Islands,MNP,2022,Not released
Northern Mariana Islands,MNP,2023,Not released
Norway,NOR,2017,Not released
Norway,NOR,2018,Not released
Norway,NOR,2019,Not released
Norway,NOR,2020,Released
Norway,NOR,2021,Released
Norway,NOR,2022,Released
Norway,NOR,2023,Released
Oceania,,2017,Not released
Oceania,,2018,Not released
Oceania,,2019,Not released
Oceania,,2020,Not released
Oceania,,2021,Not released
Oceania,,2022,Not released
Oceania,,2023,Not released
Oman,OMN,2017,Not released
Oman,OMN,2018,Not released
Oman,OMN,2019,Not released
Oman,OMN,2020,Not released
Oman,OMN,2021,Not released
Oman,OMN,2022,Not released
Oman,OMN,2023,Not released
Orange Free State,,2017,Not released
Orange Free State,,2018,Not released
Orange Free State,,2019,Not released
Orange Free State,,2020,Not released
Orange Free State,,2021,Not released
Orange Free State,,2022,Not released
Orange Free State,,2023,Not released
Pakistan,PAK,2017,Not released
Pakistan,PAK,2018,Not released
Pakistan,PAK,2019,Not released
Pakistan,PAK,2020,Not released
Pakistan,PAK,2021,Not released
Pakistan,PAK,2022,Not released
Pakistan,PAK,2023,In Development
Pakistan (former),,2017,Not released
Pakistan (former),,2018,Not released
Pakistan (former),,2019,Not released
Pakistan (former),,2020,Not released
Pakistan (former),,2021,Not released
Pakistan (former),,2022,Not released
Pakistan (former),,2023,Not released
Palau,PLW,2017,Not released
Palau,PLW,2018,Not released
Palau,PLW,2019,Not released
Palau,PLW,2020,Not released
Palau,PLW,2021,Not released
Palau,PLW,2022,Not released
Palau,PLW,2023,Not released
Palestine,PSE,2017,Not released
Palestine,PSE,2018,Not released
Palestine,PSE,2019,Not released
Palestine,PSE,2020,Not released
Palestine,PSE,2021,Not released
Palestine,PSE,2022,Not released
Palestine,PSE,2023,Not released
Panama,PAN,2017,Not released
Panama,PAN,2018,Not released
Panama,PAN,2019,Not released
Panama,PAN,2020,Not released
Panama,PAN,2021,Not released
Panama,PAN,2022,Not released
Panama,PAN,2023,Not released
Papua New Guinea,PNG,2017,Not released
Papua New Guinea,PNG,2018,Not released
Papua New Guinea,PNG,2019,Not released
Papua New Guinea,PNG,2020,Not released
Papua New Guinea,PNG,2021,Not released
Papua New Guinea,PNG,2022,Not released
Papua New Guinea,PNG,2023,Not released
Paraguay,PRY,2017,Not released
Paraguay,PRY,2018,Not released
Paraguay,PRY,2019,Not released
Paraguay,PRY,2020,Not released
Paraguay,PRY,2021,Not released
Paraguay,PRY,2022,Not released
Paraguay,PRY,2023,Not released
Peru,PER,2017,Not released
Peru,PER,2018,Not released
Peru,PER,2019,Not released
Peru,PER,2020,Not released
Peru,PER,2021,Released
Peru,PER,2022,Released
Peru,PER,2023,Released
Philippines,PHL,2017,Not released
Philippines,PHL,2018,Not released
Philippines,PHL,2019,Not released
Philippines,PHL,2020,Not released
Philippines,PHL,2021,Released
Philippines,PHL,2022,Released
Philippines,PHL,2023,Released
Pitcairn,PCN,2017,Not released
Pitcairn,PCN,2018,Not released
Pitcairn,PCN,2019,Not released
Pitcairn,PCN,2020,Not released
Pitcairn,PCN,2021,Not released
Pitcairn,PCN,2022,Not released
Pitcairn,PCN,2023,Not released
Poland,POL,2017,Not released
Poland,POL,2018,Not released
Poland,POL,2019,Not released
Poland,POL,2020,Released
Poland,POL,2021,Released
Poland,POL,2022,Released
Poland,POL,2023,Released
Polynesia,OWID_PYA,2017,Not released
Polynesia,OWID_PYA,2018,Not released
Polynesia,OWID_PYA,2019,Not released
Polynesia,OWID_PYA,2020,Not released
Polynesia,OWID_PYA,2021,Not released
Polynesia,OWID_PYA,2022,Not released
Polynesia,OWID_PYA,2023,Not released
Portugal,PRT,2017,Not released
Portugal,PRT,2018,Not released
Portugal,PRT,2019,Released
Portugal,PRT,2020,Released
Portugal,PRT,2021,Released
Portugal,PRT,2022,Released
Portugal,PRT,2023,Released
Puerto Rico,PRI,2017,Not released
Puerto Rico,PRI,2018,Not released
Puerto Rico,PRI,2019,Not released
Puerto Rico,PRI,2020,Not released
Puerto Rico,PRI,2021,Not released
Puerto Rico,PRI,2022,Not released
Puerto Rico,PRI,2023,Not released
Qatar,QAT,2017,Not released
Qatar,QAT,2018,Not released
Qatar,QAT,2019,Released
Qatar,QAT,2020,Released
Qatar,QAT,2021,Released
Qatar,QAT,2022,Released
Qatar,QAT,2023,Released
Republic of Vietnam,OWID_RVN,2017,Not released
Republic of Vietnam,OWID_RVN,2018,Not released
Republic of Vietnam,OWID_RVN,2019,Not released
Republic of Vietnam,OWID_RVN,2020,Not released
Republic of Vietnam,OWID_RVN,2021,Not released
Republic of Vietnam,OWID_RVN,2022,Not released
Republic of Vietnam,OWID_RVN,2023,Not released
Reunion,REU,2017,Not released
Reunion,REU,2018,Not released
Reunion,REU,2019,Not released
Reunion,REU,2020,Not released
Reunion,REU,2021,Not released
Reunion,REU,2022,Not released
Reunion,REU,2023,Not released
Romania,ROU,2017,Not released
Romania,ROU,2018,Not released
Romania,ROU,2019,Released
Romania,ROU,2020,Released
Romania,ROU,2021,Released
Romania,ROU,2022,Released
Romania,ROU,2023,Released
Russia,RUS,2017,Not released
Russia,RUS,2018,Not released
Russia,RUS,2019,Released
Russia,RUS,2020,Released
Russia,RUS,2021,Released
Russia,RUS,2022,Released
Russia,RUS,2023,Released
Rwanda,RWA,2017,Not released
Rwanda,RWA,2018,Not released
Rwanda,RWA,2019,Not released
Rwanda,RWA,2020,Not released
Rwanda,RWA,2021,Not released
Rwanda,RWA,2022,Not released
Rwanda,RWA,2023,Released
Saint Barthelemy,BLM,2017,Not released
Saint Barthelemy,BLM,2018,Not released
Saint Barthelemy,BLM,2019,Not released
Saint Barthelemy,BLM,2020,Not released
Saint Barthelemy,BLM,2021,Not released
Saint Barthelemy,BLM,2022,Not released
Saint Barthelemy,BLM,2023,Not released
Saint Helena,SHN,2017,Not released
Saint Helena,SHN,2018,Not released
Saint Helena,SHN,2019,Not released
Saint Helena,SHN,2020,Not released
Saint Helena,SHN,2021,Not released
Saint Helena,SHN,2022,Not released
Saint Helena,SHN,2023,Not released
Saint Kitts and Nevis,KNA,2017,Not released
Saint Kitts and Nevis,KNA,2018,Not released
Saint Kitts and Nevis,KNA,2019,Not released
Saint Kitts and Nevis,KNA,2020,Not released
Saint Kitts and Nevis,KNA,2021,Not released
Saint Kitts and Nevis,KNA,2022,Not released
Saint Kitts and Nevis,KNA,2023,Not released
Saint Lucia,LCA,2017,Not released
Saint Lucia,LCA,2018,Not released
Saint Lucia,LCA,2019,Not released
Saint Lucia,LCA,2020,Not released
Saint Lucia,LCA,2021,Not released
Saint Lucia,LCA,2022,Not released
Saint Lucia,LCA,2023,Not released
Saint Martin (French part),MAF,2017,Not released
Saint Martin (French part),MAF,2018,Not released
Saint Martin (French part),MAF,2019,Not released
Saint Martin (French part),MAF,2020,Not released
Saint Martin (French part),MAF,2021,Not released
Saint Martin (French part),MAF,2022,Not released
Saint Martin (French part),MAF,2023,Not released
Saint Pierre and Miquelon,SPM,2017,Not released
Saint Pierre and Miquelon,SPM,2018,Not released
Saint Pierre and Miquelon,SPM,2019,Not released
Saint Pierre and Miquelon,SPM,2020,Not released
Saint Pierre and Miquelon,SPM,2021,Not released
Saint Pierre and Miquelon,SPM,2022,Not released
Saint Pierre and Miquelon,SPM,2023,Not released
Saint Vincent and the Grenadines,VCT,2017,Not released
Saint Vincent and the Grenadines,VCT,2018,Not released
Saint Vincent and the Grenadines,VCT,2019,Not released
Saint Vincent and the Grenadines,VCT,2020,Not released
Saint Vincent and the Grenadines,VCT,2021,Not released
Saint Vincent and the Grenadines,VCT,2022,Not released
Saint Vincent and the Grenadines,VCT,2023,Not released
Samoa,WSM,2017,Not released
Samoa,WSM,2018,Not released
Samoa,WSM,2019,Not released
Samoa,WSM,2020,Not released
Samoa,WSM,2021,Not released
Samoa,WSM,2022,Not released
Samoa,WSM,2023,Not released
San Marino,SMR,2017,Not released
San Marino,SMR,2018,Not released
San Marino,SMR,2019,Not released
San Marino,SMR,2020,Not released
San Marino,SMR,2021,Not released
San Marino,SMR,2022,Not released
San Marino,SMR,2023,Not released
Sao Tome and Principe,STP,2017,Not released
Sao Tome and Principe,STP,2018,Not released
Sao Tome and Principe,STP,2019,Not released
Sao Tome and Principe,STP,2020,Not released
Sao Tome and Principe,STP,2021,Not released
Sao Tome and Principe,STP,2022,Not released
Sao Tome and Principe,STP,2023,Not released
Saudi Arabia,SAU,2017,Not released
Saudi Arabia,SAU,2018,Not released
Saudi Arabia,SAU,2019,Not released
Saudi Arabia,SAU,2020,Released
Saudi Arabia,SAU,2021,Released
Saudi Arabia,SAU,2022,Released
Saudi Arabia,SAU,2023,Released
Senegal,SEN,2017,Not released
Senegal,SEN,2018,Not released
Senegal,SEN,2019,Not released
Senegal,SEN,2020,Not released
Senegal,SEN,2021,Not released
Senegal,SEN,2022,Not released
Senegal,SEN,2023,In Development
Serbia,SRB,2017,Not released
Serbia,SRB,2018,Not released
Serbia,SRB,2019,Not released
Serbia,SRB,2020,Released
Serbia,SRB,2021,Released
Serbia,SRB,2022,Released
Serbia,SRB,2023,Released
Serbia and Montenegro,OWID_SRM,2017,Not released
Serbia and Montenegro,OWID_SRM,2018,Not released
Serbia and Montenegro,OWID_SRM,2019,Not released
Serbia and Montenegro,OWID_SRM,2020,Not released
Serbia and Montenegro,OWID_SRM,2021,Not released
Serbia and Montenegro,OWID_SRM,2022,Not released
Serbia and Montenegro,OWID_SRM,2023,Not released
Serbia excluding Kosovo,OWID_SEK,2017,Not released
Serbia excluding Kosovo,OWID_SEK,2018,Not released
Serbia excluding Kosovo,OWID_SEK,2019,Not released
Serbia excluding Kosovo,OWID_SEK,2020,Not released
Serbia excluding Kosovo,OWID_SEK,2021,Not released
Serbia excluding Kosovo,OWID_SEK,2022,Not released
Serbia excluding Kosovo,OWID_SEK,2023,Not released
Seychelles,SYC,2017,Not released
Seychelles,SYC,2018,Not released
Seychelles,SYC,2019,Not released
Seychelles,SYC,2020,Not released
Seychelles,SYC,2021,Not released
Seychelles,SYC,2022,Not released
Seychelles,SYC,2023,Not released
Sierra Leone,SLE,2017,Not released
Sierra Leone,SLE,2018,Not released
Sierra Leone,SLE,2019,Released
Sierra Leone,SLE,2020,Released
Sierra Leone,SLE,2021,Released
Sierra Leone,SLE,2022,Released
Sierra Leone,SLE,2023,Released
Singapore,SGP,2017,Not released
Singapore,SGP,2018,Not released
Singapore,SGP,2019,Released
Singapore,SGP,2020,Released
Singapore,SGP,2021,Released
Singapore,SGP,2022,Released
Singapore,SGP,2023,Released
Sint Maarten (Dutch part),SXM,2017,Not released
Sint Maarten (Dutch part),SXM,2018,Not released
Sint Maarten (Dutch part),SXM,2019,Not released
Sint Maarten (Dutch part),SXM,2020,Not released
Sint Maarten (Dutch part),SXM,2021,Not released
Sint Maarten (Dutch part),SXM,2022,Not released
Sint Maarten (Dutch part),SXM,2023,Not released
Slovakia,SVK,2017,Not released
Slovakia,SVK,2018,Not released
Slovakia,SVK,2019,Released
Slovakia,SVK,2020,Released
Slovakia,SVK,2021,Released
Slovakia,SVK,2022,Released
Slovakia,SVK,2023,Released
Slovenia,SVN,2017,Not released
Slovenia,SVN,2018,Not released
Slovenia,SVN,2019,Not released
Slovenia,SVN,2020,Not released
Slovenia,SVN,2021,Released
Slovenia,SVN,2022,Released
Slovenia,SVN,2023,Released
Solomon Islands,SLB,2017,Not released
Solomon Islands,SLB,2018,Not released
Solomon Islands,SLB,2019,Not released
Solomon Islands,SLB,2020,Not released
Solomon Islands,SLB,2021,Not released
Solomon Islands,SLB,2022,Not released
Solomon Islands,SLB,2023,Not released
Somalia,SOM,2017,Not released
Somalia,SOM,2018,Not released
Somalia,SOM,2019,Not released
Somalia,SOM,2020,Not released
Somalia,SOM,2021,Not released
Somalia,SOM,2022,Not released
Somalia,SOM,2023,Not released
Somaliland,OWID_SML,2017,Not released
Somaliland,OWID_SML,2018,Not released
Somaliland,OWID_SML,2019,Not released
Somaliland,OWID_SML,2020,Not released
Somaliland,OWID_SML,2021,Not released
Somaliland,OWID_SML,2022,Not released
Somaliland,OWID_SML,2023,Not released
South Africa,ZAF,2017,Not released
South Africa,ZAF,2018,Not released
South Africa,ZAF,2019,Not released
South Africa,ZAF,2020,Not released
South Africa,ZAF,2021,Not released
South Africa,ZAF,2022,Not released
South Africa,ZAF,2023,Not released
South America,,2017,Not released
South America,,2018,Not released
South America,,2019,Not released
South America,,2020,Not released
South America,,2021,Not released
South America,,2022,Not released
South America,,2023,Not released
South Georgia and the South Sandwich Islands,SGS,2017,Not released
South Georgia and the South Sandwich Islands,SGS,2018,Not released
South Georgia and the South Sandwich Islands,SGS,2019,Not released
South Georgia and the South Sandwich Islands,SGS,2020,Not released
South Georgia and the South Sandwich Islands,SGS,2021,Not released
South Georgia and the South Sandwich Islands,SGS,2022,Not released
South Georgia and the South Sandwich Islands,SGS,2023,Not released
South Korea,KOR,2017,Not released
South Korea,KOR,2018,Not released
South Korea,KOR,2019,Not released
South Korea,KOR,2020,Released
South Korea,KOR,2021,Released
South Korea,KOR,2022,Released
South Korea,KOR,2023,Released
South Ossetia,OWID_SOS,2017,Not released
South Ossetia,OWID_SOS,2018,Not released
South Ossetia,OWID_SOS,2019,Not released
South Ossetia,OWID_SOS,2020,Not released
South Ossetia,OWID_SOS,2021,Not released
South Ossetia,OWID_SOS,2022,Not released
South Ossetia,OWID_SOS,2023,Not released
South Sudan,SSD,2017,Not released
South Sudan,SSD,2018,Not released
South Sudan,SSD,2019,Not released
South Sudan,SSD,2020,Not released
South Sudan,SSD,2021,Not released
South Sudan,SSD,2022,Not released
South Sudan,SSD,2023,Not released
Spain,ESP,2017,Not released
Spain,ESP,2018,Not released
Spain,ESP,2019,Not released
Spain,ESP,2020,Released
Spain,ESP,2021,Released
Spain,ESP,2022,Released
Spain,ESP,2023,Released
Sri Lanka,LKA,2017,Not released
Sri Lanka,LKA,2018,Not released
Sri Lanka,LKA,2019,Not released
Sri Lanka,LKA,2020,Not released
Sri Lanka,LKA,2021,Not released
Sri Lanka,LKA,2022,Not released
Sri Lanka,LKA,2023,Not released
Sudan,SDN,2017,Not released
Sudan,SDN,2018,Not released
Sudan,SDN,2019,Not released
Sudan,SDN,2020,Not released
Sudan,SDN,2021,Not released
Sudan,SDN,2022,Not released
Sudan,SDN,2023,Not released
Sudan (former),,2017,Not released
Sudan (former),,2018,Not released
Sudan (former),,2019,Not released
Sudan (former),,2020,Not released
Sudan (former),,2021,Not released
Sudan (former),,2022,Not released
Sudan (former),,2023,Not released
Suriname,SUR,2017,Not released
Suriname,SUR,2018,Not released
Suriname,SUR,2019,Not released
Suriname,SUR,2020,Not released
Suriname,SUR,2021,Not released
Suriname,SUR,2022,Not released
Suriname,SUR,2023,Not released
Svalbard and Jan Mayen,SJM,2017,Not released
Svalbard and Jan Mayen,SJM,2018,Not released
Svalbard and Jan Mayen,SJM,2019,Not released
Svalbard and Jan Mayen,SJM,2020,Not released
Svalbard and Jan Mayen,SJM,2021,Not released
Svalbard and Jan Mayen,SJM,2022,Not released
Svalbard and Jan Mayen,SJM,2023,Not released
Sweden,SWE,2017,Not released
Sweden,SWE,2018,Released
Sweden,SWE,2019,Released
Sweden,SWE,2020,Released
Sweden,SWE,2021,Released
Sweden,SWE,2022,Released
Sweden,SWE,2023,Released
Switzerland,CHE,2017,Not released
Switzerland,CHE,2018,Not released
Switzerland,CHE,2019,Not released
Switzerland,CHE,2020,Released
Switzerland,CHE,2021,Released
Switzerland,CHE,2022,Released
Switzerland,CHE,2023,Released
Syria,SYR,2017,Not released
Syria,SYR,2018,Not released
Syria,SYR,2019,Not released
Syria,SYR,2020,Not released
Syria,SYR,2021,Not released
Syria,SYR,2022,Not released
Syria,SYR,2023,Not released
Taiwan,TWN,2017,Not released
Taiwan,TWN,2018,Not released
Taiwan,TWN,2019,Not released
Taiwan,TWN,2020,Not released
Taiwan,TWN,2021,Not released
Taiwan,TWN,2022,Not released
Taiwan,TWN,2023,Not released
Tajikistan,TJK,2017,Not released
Tajikistan,TJK,2018,Not released
Tajikistan,TJK,2019,Not released
Tajikistan,TJK,2020,Not released
Tajikistan,TJK,2021,Not released
Tajikistan,TJK,2022,Not released
Tajikistan,TJK,2023,Not released
Tanzania,TZA,2017,Not released
Tanzania,TZA,2018,Not released
Tanzania,TZA,2019,Not released
Tanzania,TZA,2020,Not released
Tanzania,TZA,2021,Not released
Tanzania,TZA,2022,Not released
Tanzania,TZA,2023,Not released
Thailand,THA,2017,Not released
Thailand,THA,2018,Not released
Thailand,THA,2019,Not released
Thailand,THA,2020,Not released
Thailand,THA,2021,Not released
Thailand,THA,2022,Released
Thailand,THA,2023,Released
Togo,TGO,2017,Not released
Togo,TGO,2018,Not released
Togo,TGO,2019,Not released
Togo,TGO,2020,Not released
Togo,TGO,2021,Not released
Togo,TGO,2022,Not released
Togo,TGO,2023,Not released
Tokelau,TKL,2017,Not released
Tokelau,TKL,2018,Not released
Tokelau,TKL,2019,Not released
Tokelau,TKL,2020,Not released
Tokelau,TKL,2021,Not released
Tokelau,TKL,2022,Not released
Tokelau,TKL,2023,Not released
Tonga,TON,2017,Not released
Tonga,TON,2018,Not released
Tonga,TON,2019,Not released
Tonga,TON,2020,Not released
Tonga,TON,2021,Not released
Tonga,TON,2022,Not released
Tonga,TON,2023,Not released
Transnistria,OWID_TRS,2017,Not released
Transnistria,OWID_TRS,2018,Not released
Transnistria,OWID_TRS,2019,Not released
Transnistria,OWID_TRS,2020,Not released
Transnistria,OWID_TRS,2021,Not released
Transnistria,OWID_TRS,2022,Not released
Transnistria,OWID_TRS,2023,Not released
Trinidad and Tobago,TTO,2017,Not released
Trinidad and Tobago,TTO,2018,Not released
Trinidad and Tobago,TTO,2019,Not released
Trinidad and Tobago,TTO,2020,Not released
Trinidad and Tobago,TTO,2021,Not released
Trinidad and Tobago,TTO,2022,Not released
Trinidad and Tobago,TTO,2023,Not released
Tunisia,TUN,2017,Not released
Tunisia,TUN,2018,Not released
Tunisia,TUN,2019,Not released
Tunisia,TUN,2020,Not released
Tunisia,TUN,2021,Released
Tunisia,TUN,2022,Released
Tunisia,TUN,2023,Released
Turkey,TUR,2017,Not released
Turkey,TUR,2018,Not released
Turkey,TUR,2019,Not released
Turkey,TUR,2020,Not released
Turkey,TUR,2021,Released
Turkey,TUR,2022,Released
Turkey,TUR,2023,Released
Turkmenistan,TKM,2017,Not released
Turkmenistan,TKM,2018,Not released
Turkmenistan,TKM,2019,Not released
Turkmenistan,TKM,2020,Not released
Turkmenistan,TKM,2021,Not released
Turkmenistan,TKM,2022,Not released
Turkmenistan,TKM,2023,Not released
Turks and Caicos Islands,TCA,2017,Not released
Turks and Caicos Islands,TCA,2018,Not released
Turks and Caicos Islands,TCA,2019,Not released
Turks and Caicos Islands,TCA,2020,Not released
Turks and Caicos Islands,TCA,2021,Not released
Turks and Caicos Islands,TCA,2022,Not released
Turks and Caicos Islands,TCA,2023,Not released
Tuvalu,TUV,2017,Not released
Tuvalu,TUV,2018,Not released
Tuvalu,TUV,2019,Not released
Tuvalu,TUV,2020,Not released
Tuvalu,TUV,2021,Not released
Tuvalu,TUV,2022,Not released
Tuvalu,TUV,2023,Not released
USSR,OWID_USS,2017,Not released
USSR,OWID_USS,2018,Not released
USSR,OWID_USS,2019,Not released
USSR,OWID_USS,2020,Not released
USSR,OWID_USS,2021,Not released
USSR,OWID_USS,2022,Not released
USSR,OWID_USS,2023,Not released
Uganda,UGA,2017,Not released
Uganda,UGA,2018,Not released
Uganda,UGA,2019,Not released
Uganda,UGA,2020,Not released
Uganda,UGA,2021,Not released
Uganda,UGA,2022,Not released
Uganda,UGA,2023,Not released
Ukraine,UKR,2017,Not released
Ukraine,UKR,2018,Not released
Ukraine,UKR,2019,Not released
Ukraine,UKR,2020,Not released
Ukraine,UKR,2021,Released
Ukraine,UKR,2022,Released
Ukraine,UKR,2023,Released
United Arab Emirates,ARE,2017,Not released
United Arab Emirates,ARE,2018,Not released
United Arab Emirates,ARE,2019,Released
United Arab Emirates,ARE,2020,Released
United Arab Emirates,ARE,2021,Released
United Arab Emirates,ARE,2022,Released
United Arab Emirates,ARE,2023,Released
United Kingdom,GBR,2017,Not released
United Kingdom,GBR,2018,Not released
United Kingdom,GBR,2019,Not released
United Kingdom,GBR,2020,Not released
United Kingdom,GBR,2021,Released
United Kingdom,GBR,2022,Released
United Kingdom,GBR,2023,Released
United States,USA,2017,Not released
United States,USA,2018,Not released
United States,USA,2019,Released
United States,USA,2020,Released
United States,USA,2021,Released
United States,USA,2022,Released
United States,USA,2023,Released
United States Minor Outlying Islands,UMI,2017,Not released
United States Minor Outlying Islands,UMI,2018,Not released
United States Minor Outlying Islands,UMI,2019,Not released
United States Minor Outlying Islands,UMI,2020,Not released
United States Minor Outlying Islands,UMI,2021,Not released
United States Minor Outlying Islands,UMI,2022,Not released
United States Minor Outlying Islands,UMI,2023,Not released
United States Virgin Islands,VIR,2017,Not released
United States Virgin Islands,VIR,2018,Not released
United States Virgin Islands,VIR,2019,Not released
United States Virgin Islands,VIR,2020,Not released
United States Virgin Islands,VIR,2021,Not released
United States Virgin Islands,VIR,2022,Not released
United States Virgin Islands,VIR,2023,Not released
Uruguay,URY,2017,Not released
Uruguay,URY,2018,Not released
Uruguay,URY,2019,Released
Uruguay,URY,2020,Released
Uruguay,URY,2021,Released
Uruguay,URY,2022,Released
Uruguay,URY,2023,Released
Uzbekistan,UZB,2017,Not released
Uzbekistan,UZB,2018,Not released
Uzbekistan,UZB,2019,Not released
Uzbekistan,UZB,2020,Not released
Uzbekistan,UZB,2021,Not released
Uzbekistan,UZB,2022,Not released
Uzbekistan,UZB,2023,Not released
Vanuatu,VUT,2017,Not released
Vanuatu,VUT,2018,Not released
Vanuatu,VUT,2019,Not released
Vanuatu,VUT,2020,Not released
Vanuatu,VUT,2021,Not released
Vanuatu,VUT,2022,Not released
Vanuatu,VUT,2023,Not released
Vatican,VAT,2017,Not released
Vatican,VAT,2018,Not released
Vatican,VAT,2019,Not released
Vatican,VAT,2020,Not released
Vatican,VAT,2021,Not released
Vatican,VAT,2022,Not released
Vatican,VAT,2023,Not released
Venezuela,VEN,2017,Not released
Venezuela,VEN,2018,Not released
Venezuela,VEN,2019,Not released
Venezuela,VEN,2020,Not released
Venezuela,VEN,2021,Not released
Venezuela,VEN,2022,Not released
Venezuela,VEN,2023,Not released
Vietnam,VNM,2017,Not released
Vietnam,VNM,2018,Not released
Vietnam,VNM,2019,Not released
Vietnam,VNM,2020,Not released
Vietnam,VNM,2021,Released
Vietnam,VNM,2022,Released
Vietnam,VNM,2023,Released
Wallis and Futuna,WLF,2017,Not released
Wallis and Futuna,WLF,2018,Not released
Wallis and Futuna,WLF,2019,Not released
Wallis and Futuna,WLF,2020,Not released
Wallis and Futuna,WLF,2021,Not released
Wallis and Futuna,WLF,2022,Not released
Wallis and Futuna,WLF,2023,Not released
West Germany,OWID_GFR,2017,Not released
West Germany,OWID_GFR,2018,Not released
West Germany,OWID_GFR,2019,Not released
West Germany,OWID_GFR,2020,Not released
West Germany,OWID_GFR,2021,Not released
West Germany,OWID_GFR,2022,Not released
West Germany,OWID_GFR,2023,Not released
Western Sahara,ESH,2017,Not released
Western Sahara,ESH,2018,Not released
Western Sahara,ESH,2019,Not released
Western Sahara,ESH,2020,Not released
Western Sahara,ESH,2021,Not released
Western Sahara,ESH,2022,Not released
Western Sahara,ESH,2023,Not released
World,OWID_WRL,2017,Not released
World,OWID_WRL,2018,Not released
World,OWID_WRL,2019,Not released
World,OWID_WRL,2020,Not released
World,OWID_WRL,2021,Not released
World,OWID_WRL,2022,Not released
World,OWID_WRL,2023,Not released
Yemen,YEM,2017,Not released
Yemen,YEM,2018,Not released
Yemen,YEM,2019,Not released
Yemen,YEM,2020,Not released
Yemen,YEM,2021,Not released
Yemen,YEM,2022,Not released
Yemen,YEM,2023,Not released
Yemen Arab Republic,OWID_YAR,2017,Not released
Yemen Arab Republic,OWID_YAR,2018,Not released
Yemen Arab Republic,OWID_YAR,2019,Not released
Yemen Arab Republic,OWID_YAR,2020,Not released
Yemen Arab Republic,OWID_YAR,2021,Not released
Yemen Arab Republic,OWID_YAR,2022,Not released
Yemen Arab Republic,OWID_YAR,2023,Not released
Yemen People's Republic,OWID_YPR,2017,Not released
Yemen People's Republic,OWID_YPR,2018,Not released
Yemen People's Republic,OWID_YPR,2019,Not released
Yemen People's Republic,OWID_YPR,2020,Not released
Yemen People's Republic,OWID_YPR,2021,Not released
Yemen People's Republic,OWID_YPR,2022,Not released
Yemen People's Republic,OWID_YPR,2023,Not released
Yugoslavia,OWID_YGS,2017,Not released
Yugoslavia,OWID_YGS,2018,Not released
Yugoslavia,OWID_YGS,2019,Not released
Yugoslavia,OWID_YGS,2020,Not released
Yugoslavia,OWID_YGS,2021,Not released
Yugoslavia,OWID_YGS,2022,Not released
Yugoslavia,OWID_YGS,2023,Not released
Zambia,ZMB,2017,Not released
Zambia,ZMB,2018,Not released
Zambia,ZMB,2019,Not released
Zambia,ZMB,2020,Not released
Zambia,ZMB,2021,Not released
Zambia,ZMB,2022,Not released
Zambia,ZMB,2023,Not released
Zanzibar,OWID_ZAN,2017,Not released
Zanzibar,OWID_ZAN,2018,Not released
Zanzibar,OWID_ZAN,2019,Not released
Zanzibar,OWID_ZAN,2020,Not released
Zanzibar,OWID_ZAN,2021,Not released
Zanzibar,OWID_ZAN,2022,Not released
Zanzibar,OWID_ZAN,2023,Not released
Zimbabwe,ZWE,2017,Not released
Zimbabwe,ZWE,2018,Not released
Zimbabwe,ZWE,2019,Not released
Zimbabwe,ZWE,2020,Not released
Zimbabwe,ZWE,2021,Not released
Zimbabwe,ZWE,2022,Not released
Zimbabwe,ZWE,2023,Not released