Entity,Code,Year,Number of articles per 1 million people - Field: All
Afghanistan,AFG,2015,0.02955802
Afghanistan,AFG,2016,0.028817933
Afghanistan,AFG,2017,0.056039765
Afghanistan,AFG,2018,0.10886416
Afghanistan,AFG,2019,0.29057384
Afghanistan,AFG,2020,0.40953207
Afghanistan,AFG,2021,0.44999537
Albania,ALB,2013,6.5346665
Albania,ALB,2014,7.2320323
Albania,ALB,2015,4.139881
Albania,ALB,2016,4.486057
Albania,ALB,2017,9.315976
Albania,ALB,2018,8.292358
Albania,ALB,2019,5.8925233
Albania,ALB,2020,5.919321
Albania,ALB,2021,11.580398
Algeria,DZA,2013,8.902964
Algeria,DZA,2014,10.279292
Algeria,DZA,2015,12.518888
Algeria,DZA,2016,11.799058
Algeria,DZA,2017,11.441784
Algeria,DZA,2018,14.280662
Algeria,DZA,2019,14.112631
Algeria,DZA,2020,15.757652
Algeria,DZA,2021,17.559889
Andorra,AND,2014,13.558403
Andorra,AND,2015,27.703133
Andorra,AND,2016,13.850991
Angola,AGO,2013,0.038218096
Angola,AGO,2014,0.03681781
Angola,AGO,2016,0.10279932
Angola,AGO,2017,0.06614886
Angola,AGO,2018,0.06390356
Angola,AGO,2019,0.18532456
Angola,AGO,2020,0.059788696
Angola,AGO,2021,0.028958289
Antigua and Barbuda,ATG,2013,45.416355
Antigua and Barbuda,ATG,2014,22.526834
Antigua and Barbuda,ATG,2016,11.113458
Antigua and Barbuda,ATG,2017,11.0518
Antigua and Barbuda,ATG,2018,76.97214
Antigua and Barbuda,ATG,2019,21.887346
Antigua and Barbuda,ATG,2020,54.428284
Antigua and Barbuda,ATG,2021,97.44689
Argentina,ARG,2013,4.250577
Argentina,ARG,2014,5.415573
Argentina,ARG,2015,5.175149
Argentina,ARG,2016,4.8974595
Argentina,ARG,2017,5.260912
Argentina,ARG,2018,6.068766
Argentina,ARG,2019,4.9362435
Argentina,ARG,2020,7.169417
Argentina,ARG,2021,6.9517574
Armenia,ARM,2013,6.5012207
Armenia,ARM,2014,3.4218063
Armenia,ARM,2015,5.4772406
Armenia,ARM,2016,3.0834641
Armenia,ARM,2017,9.262541
Armenia,ARM,2018,7.2165694
Armenia,ARM,2019,7.575823
Armenia,ARM,2020,11.069241
Armenia,ARM,2021,14.284027
Australia,AUS,2013,97.51995
Australia,AUS,2014,103.23959
Australia,AUS,2015,108.86088
Australia,AUS,2016,114.26241
Australia,AUS,2017,120.90068
Australia,AUS,2018,149.44446
Australia,AUS,2019,182.75133
Australia,AUS,2020,222.26723
Australia,AUS,2021,249.49515
Austria,AUT,2013,83.59458
Austria,AUT,2014,82.00929
Austria,AUT,2015,94.28465
Austria,AUT,2016,104.715996
Austria,AUT,2017,106.94665
Austria,AUT,2018,123.61943
Austria,AUT,2019,147.73318
Austria,AUT,2020,165.10858
Austria,AUT,2021,199.17357
Azerbaijan,AZE,2013,2.2094991
Azerbaijan,AZE,2014,2.2842581
Azerbaijan,AZE,2015,3.7937593
Azerbaijan,AZE,2016,3.3439956
Azerbaijan,AZE,2017,3.0094764
Azerbaijan,AZE,2018,5.378605
Azerbaijan,AZE,2019,5.637711
Azerbaijan,AZE,2020,5.99112
Azerbaijan,AZE,2021,9.380155
Bahamas,BHS,2014,2.6156716
Bahamas,BHS,2019,2.5336726
Bahamas,BHS,2021,10.091301
Bahrain,BHR,2013,11.135804
Bahrain,BHR,2014,18.280727
Bahrain,BHR,2015,13.141986
Bahrain,BHR,2016,8.393904
Bahrain,BHR,2017,9.446669
Bahrain,BHR,2018,22.702477
Bahrain,BHR,2019,22.88522
Bahrain,BHR,2020,35.736416
Bahrain,BHR,2021,77.2426
Bangladesh,BGD,2013,1.3224121
Bangladesh,BGD,2014,1.9434693
Bangladesh,BGD,2015,1.8195145
Bangladesh,BGD,2016,1.8841885
Bangladesh,BGD,2017,2.7437608
Bangladesh,BGD,2018,3.6875522
Bangladesh,BGD,2019,6.494331
Bangladesh,BGD,2020,7.6549315
Bangladesh,BGD,2021,11.559187
Barbados,BRB,2013,3.6013973
Barbados,BRB,2015,10.752804
Barbados,BRB,2016,3.5764868
Barbados,BRB,2017,3.569185
Barbados,BRB,2018,7.124664
Barbados,BRB,2019,7.111971
Barbados,BRB,2020,3.5498128
Barbados,BRB,2021,10.632416
Belarus,BLR,2013,4.3319983
Belarus,BLR,2014,4.856058
Belarus,BLR,2015,3.2675302
Belarus,BLR,2016,4.421487
Belarus,BLR,2017,5.26549
Belarus,BLR,2018,4.746819
Belarus,BLR,2019,9.008614
Belarus,BLR,2020,10.4802265
Belarus,BLR,2021,10.160661
Belgium,BEL,2013,80.55356
Belgium,BEL,2014,79.660225
Belgium,BEL,2015,86.82671
Belgium,BEL,2016,83.91643
Belgium,BEL,2017,87.72405
Belgium,BEL,2018,108.674644
Belgium,BEL,2019,115.48548
Belgium,BEL,2020,141.67984
Belgium,BEL,2021,153.14357
Belize,BLZ,2019,5.18359
Belize,BLZ,2020,5.1174583
Benin,BEN,2013,0.46690437
Benin,BEN,2014,0.45330882
Benin,BEN,2015,0.70418316
Benin,BEN,2016,0.85485834
Benin,BEN,2017,0.4983481
Benin,BEN,2018,0.807536
Benin,BEN,2019,0.5500221
Benin,BEN,2020,1.1476514
Benin,BEN,2021,0.96917844
Bermuda,BMU,2013,31.449509
Bermuda,BMU,2018,31.322433
Bermuda,BMU,2019,46.77998
Bermuda,BMU,2020,62.10698
Bhutan,BTN,2013,2.7575443
Bhutan,BTN,2014,1.3639755
Bhutan,BTN,2015,1.3502128
Bhutan,BTN,2016,1.3371165
Bhutan,BTN,2017,3.9769707
Bhutan,BTN,2019,3.9224453
Bhutan,BTN,2020,6.4933887
Bhutan,BTN,2021,11.606149
Bolivia,BOL,2013,0.5616604
Bolivia,BOL,2014,0.82957804
Bolivia,BOL,2015,0.72630167
Bolivia,BOL,2016,0.7155623
Bolivia,BOL,2017,0.2644432
Bolivia,BOL,2018,0.95582604
Bolivia,BOL,2019,1.0281556
Bolivia,BOL,2020,0.93091744
Bolivia,BOL,2021,2.5131166
Bosnia and Herzegovina,BIH,2013,13.016297
Bosnia and Herzegovina,BIH,2014,8.415546
Bosnia and Herzegovina,BIH,2015,11.08414
Bosnia and Herzegovina,BIH,2016,17.276146
Bosnia and Herzegovina,BIH,2017,23.04091
Bosnia and Herzegovina,BIH,2018,28.638922
Bosnia and Herzegovina,BIH,2019,34.374184
Bosnia and Herzegovina,BIH,2020,35.15842
Bosnia and Herzegovina,BIH,2021,31.433855
Botswana,BWA,2013,2.3356988
Botswana,BWA,2014,1.8415766
Botswana,BWA,2015,3.1770873
Botswana,BWA,2016,7.1595316
Botswana,BWA,2017,3.5292852
Botswana,BWA,2018,2.1747186
Botswana,BWA,2019,6.003222
Botswana,BWA,2020,5.9174223
Botswana,BWA,2021,16.65661
Brazil,BRA,2013,6.9680166
Brazil,BRA,2014,7.926626
Brazil,BRA,2015,9.257444
Brazil,BRA,2016,8.872241
Brazil,BRA,2017,9.804427
Brazil,BRA,2018,11.891866
Brazil,BRA,2019,13.554717
Brazil,BRA,2020,15.331099
Brazil,BRA,2021,16.411335
Brunei,BRN,2013,9.727485
Brunei,BRN,2014,40.79145
Brunei,BRN,2015,30.789345
Brunei,BRN,2016,46.77564
Brunei,BRN,2017,34.659
Brunei,BRN,2018,31.977123
Brunei,BRN,2019,54.21438
Brunei,BRN,2020,82.69783
Brunei,BRN,2021,117.32854
Bulgaria,BGR,2013,15.692523
Bulgaria,BGR,2014,17.581625
Bulgaria,BGR,2015,19.784004
Bulgaria,BGR,2016,19.502104
Bulgaria,BGR,2017,26.570038
Bulgaria,BGR,2018,32.314335
Bulgaria,BGR,2019,44.29811
Bulgaria,BGR,2020,49.180416
Bulgaria,BGR,2021,53.073757
Burkina Faso,BFA,2013,0.28255913
Burkina Faso,BFA,2014,0.10971248
Burkina Faso,BFA,2015,0.10651052
Burkina Faso,BFA,2016,0.05172007
Burkina Faso,BFA,2017,0.100530736
Burkina Faso,BFA,2018,0.09785555
Burkina Faso,BFA,2019,0.1908219
Burkina Faso,BFA,2020,0.55869323
Burkina Faso,BFA,2021,0.6365011
Burundi,BDI,2013,2.3947864
Burundi,BDI,2014,2.5000486
Burundi,BDI,2015,3.0775971
Burundi,BDI,2016,3.2919736
Burundi,BDI,2017,1.5642972
Burundi,BDI,2018,2.9512346
Burundi,BDI,2019,3.1006894
Burundi,BDI,2020,3.6458626
Burundi,BDI,2021,3.9335198
Cambodia,KHM,2013,0.7251052
Cambodia,KHM,2014,0.97423023
Cambodia,KHM,2015,1.0241145
Cambodia,KHM,2016,0.88312465
Cambodia,KHM,2017,0.6221469
Cambodia,KHM,2018,1.7819265
Cambodia,KHM,2019,1.4561955
Cambodia,KHM,2020,1.7338812
Cambodia,KHM,2021,2.4743276
Cameroon,CMR,2013,0.51396155
Cameroon,CMR,2014,0.58930475
Cameroon,CMR,2015,0.48323146
Cameroon,CMR,2016,0.34109077
Cameroon,CMR,2017,0.74600244
Cameroon,CMR,2018,0.8465564
Cameroon,CMR,2019,1.2153957
Cameroon,CMR,2020,1.8694751
Cameroon,CMR,2021,1.8948004
Canada,CAN,2013,80.099915
Canada,CAN,2014,85.47952
Canada,CAN,2015,88.84319
Canada,CAN,2016,90.00547
Canada,CAN,2017,99.56939
Canada,CAN,2018,118.005104
Canada,CAN,2019,151.09998
Canada,CAN,2020,183.9311
Canada,CAN,2021,216.57011
Cape Verde,CPV,2017,1.9497015
Chad,TCD,2013,0.073040254
Chad,TCD,2015,0.06827045
Chad,TCD,2017,0.06400918
Chad,TCD,2021,0.11218136
Chile,CHL,2013,9.950808
Chile,CHL,2014,10.076023
Chile,CHL,2015,14.018463
Chile,CHL,2016,14.287885
Chile,CHL,2017,13.416769
Chile,CHL,2018,14.66137
Chile,CHL,2019,16.92907
Chile,CHL,2020,20.18521
Chile,CHL,2021,26.469543
China,CHN,2013,17.811354
China,CHN,2014,18.859442
China,CHN,2015,18.7131
China,CHN,2016,18.867527
China,CHN,2017,22.131126
China,CHN,2018,27.739782
China,CHN,2019,36.007915
China,CHN,2020,40.827957
China,CHN,2021,54.10683
Colombia,COL,2013,6.1102996
Colombia,COL,2014,6.786151
Colombia,COL,2015,8.516086
Colombia,COL,2016,7.947297
Colombia,COL,2017,9.307916
Colombia,COL,2018,9.79103
Colombia,COL,2019,12.162382
Colombia,COL,2020,14.003556
Colombia,COL,2021,13.987606
Comoros,COM,2016,1.3481722
Comoros,COM,2020,1.2466154
Congo,COG,2013,0.41176784
Congo,COG,2014,0.20096919
Congo,COG,2015,0.1961714
Congo,COG,2016,0.19147752
Congo,COG,2017,0.18688054
Congo,COG,2018,1.2766433
Congo,COG,2019,1.2462932
Congo,COG,2020,2.085944
Congo,COG,2021,2.7154608
Costa Rica,CRI,2013,3.3925955
Costa Rica,CRI,2014,3.7758598
Costa Rica,CRI,2015,3.5284028
Costa Rica,CRI,2016,6.98582
Costa Rica,CRI,2017,5.4954257
Costa Rica,CRI,2018,10.08509
Costa Rica,CRI,2019,13.001167
Costa Rica,CRI,2020,12.315459
Costa Rica,CRI,2021,11.26484
Cote d'Ivoire,CIV,2013,0.041771486
Cote d'Ivoire,CIV,2015,0.11882908
Cote d'Ivoire,CIV,2016,0.30781776
Cote d'Ivoire,CIV,2017,0.22443853
Cote d'Ivoire,CIV,2018,0.32769963
Cote d'Ivoire,CIV,2019,0.1773489
Cote d'Ivoire,CIV,2020,0.38041943
Cote d'Ivoire,CIV,2021,0.5398159
Croatia,HRV,2013,32.057297
Croatia,HRV,2014,41.000263
Croatia,HRV,2015,50.43344
Croatia,HRV,2016,50.28481
Croatia,HRV,2017,51.971
Croatia,HRV,2018,59.629284
Croatia,HRV,2019,66.72791
Croatia,HRV,2020,82.19614
Croatia,HRV,2021,107.27189
Cuba,CUB,2013,7.611857
Cuba,CUB,2014,6.468316
Cuba,CUB,2015,5.8536234
Cuba,CUB,2016,6.036067
Cuba,CUB,2017,6.5790496
Cuba,CUB,2018,9.708636
Cuba,CUB,2019,8.747776
Cuba,CUB,2020,7.157973
Cuba,CUB,2021,8.811231
Cyprus,CYP,2013,80.24333
Cyprus,CYP,2014,68.23059
Cyprus,CYP,2015,75.440506
Cyprus,CYP,2016,101.04146
Cyprus,CYP,2017,114.01027
Cyprus,CYP,2018,133.78
Cyprus,CYP,2019,161.65775
Cyprus,CYP,2020,207.33347
Cyprus,CYP,2021,260.37872
Czechia,CZE,2013,67.83264
Czechia,CZE,2014,70.36079
Czechia,CZE,2015,83.99513
Czechia,CZE,2016,80.89672
Czechia,CZE,2017,81.01434
Czechia,CZE,2018,84.5583
Czechia,CZE,2019,97.86951
Czechia,CZE,2020,103.97976
Czechia,CZE,2021,117.18138
Denmark,DNK,2013,69.63077
Denmark,DNK,2014,77.25301
Denmark,DNK,2015,86.03554
Denmark,DNK,2016,94.44506
Denmark,DNK,2017,102.16528
Denmark,DNK,2018,123.40725
Denmark,DNK,2019,147.7311
Denmark,DNK,2020,191.54492
Denmark,DNK,2021,246.89365
Djibouti,DJI,2013,2.0308032
Djibouti,DJI,2014,0.9972874
Djibouti,DJI,2015,0.9800895
Djibouti,DJI,2017,0.94800925
Dominica,DMA,2015,14.198696
Dominica,DMA,2017,14.595557
Dominica,DMA,2018,14.664262
Dominican Republic,DOM,2013,0.39239395
Dominican Republic,DOM,2014,0.19388254
Dominican Republic,DOM,2015,0.09583294
Dominican Republic,DOM,2016,0.56864333
Dominican Republic,DOM,2017,0.09374842
Dominican Republic,DOM,2018,0.83472073
Dominican Republic,DOM,2019,1.4686925
Dominican Republic,DOM,2020,1.1809274
Dominican Republic,DOM,2021,1.4383987
East Timor,TLS,2015,0.82978326
East Timor,TLS,2017,0.7989071
East Timor,TLS,2018,1.5674411
East Timor,TLS,2019,2.3060195
East Timor,TLS,2021,1.4813256
Ecuador,ECU,2013,1.1387266
Ecuador,ECU,2014,3.3052437
Ecuador,ECU,2015,6.701
Ecuador,ECU,2016,8.966903
Ecuador,ECU,2017,17.482605
Ecuador,ECU,2018,17.771738
Ecuador,ECU,2019,19.896173
Ecuador,ECU,2020,20.175472
Ecuador,ECU,2021,20.132952
Egypt,EGY,2013,4.762227
Egypt,EGY,2014,5.290753
Egypt,EGY,2015,6.265228
Egypt,EGY,2016,5.91276
Egypt,EGY,2017,6.480478
Egypt,EGY,2018,6.8696594
Egypt,EGY,2019,8.851437
Egypt,EGY,2020,11.544606
Egypt,EGY,2021,15.582613
El Salvador,SLV,2014,0.16225988
El Salvador,SLV,2015,0.64686465
El Salvador,SLV,2016,0.32253876
El Salvador,SLV,2017,0.64375573
El Salvador,SLV,2018,1.6077685
El Salvador,SLV,2019,0.6428475
El Salvador,SLV,2020,1.7643247
El Salvador,SLV,2021,1.5985215
Eritrea,ERI,2021,0.29849106
Estonia,EST,2013,43.249935
Estonia,EST,2014,43.363945
Estonia,EST,2015,54.009605
Estonia,EST,2016,55.477448
Estonia,EST,2017,64.51946
Estonia,EST,2018,87.747765
Estonia,EST,2019,107.776405
Estonia,EST,2020,156.42932
Estonia,EST,2021,177.21043
Eswatini,SWZ,2014,0.8800454
Eswatini,SWZ,2016,0.86993134
Eswatini,SWZ,2017,0.86341095
Eswatini,SWZ,2018,1.7109649
Eswatini,SWZ,2019,0.8475402
Eswatini,SWZ,2020,3.3536425
Eswatini,SWZ,2021,4.143879
Ethiopia,ETH,2013,0.09142741
Ethiopia,ETH,2014,0.0988967
Ethiopia,ETH,2015,0.25031978
Ethiopia,ETH,2016,0.21552095
Ethiopia,ETH,2017,0.33738658
Ethiopia,ETH,2018,0.36391345
Ethiopia,ETH,2019,0.6739395
Ethiopia,ETH,2020,0.9081913
Ethiopia,ETH,2021,2.0714173
Fiji,FJI,2013,16.369148
Fiji,FJI,2014,26.1555
Fiji,FJI,2015,34.836266
Fiji,FJI,2016,29.374422
Fiji,FJI,2017,22.856844
Fiji,FJI,2018,18.534994
Fiji,FJI,2019,21.860216
Fiji,FJI,2020,41.531418
Fiji,FJI,2021,45.815666
Finland,FIN,2013,91.19226
Finland,FIN,2014,96.49035
Finland,FIN,2015,102.01255
Finland,FIN,2016,116.27761
Finland,FIN,2017,118.72778
Finland,FIN,2018,140.68849
Finland,FIN,2019,194.86559
Finland,FIN,2020,229.31064
Finland,FIN,2021,277.0224
France,FRA,2013,67.8856
France,FRA,2014,74.42904
France,FRA,2015,79.13262
France,FRA,2016,77.57327
France,FRA,2017,78.31841
France,FRA,2018,86.52381
France,FRA,2019,98.57072
France,FRA,2020,103.7398
France,FRA,2021,109.8004
Gabon,GAB,2013,1.045445
Gabon,GAB,2016,0.4761202
Gabon,GAB,2019,0.881947
Gabon,GAB,2020,1.2916915
Gabon,GAB,2021,1.682986
Gambia,GMB,2014,0.46199343
Gambia,GMB,2016,0.43787113
Gambia,GMB,2019,0.40702575
Gambia,GMB,2020,0.39749673
Gambia,GMB,2021,1.5527866
Georgia,GEO,2013,2.8878
Georgia,GEO,2014,3.4274375
Georgia,GEO,2015,3.9561439
Georgia,GEO,2016,3.9556327
Georgia,GEO,2017,3.691145
Georgia,GEO,2018,4.4797187
Georgia,GEO,2019,5.5310884
Georgia,GEO,2020,9.221009
Georgia,GEO,2021,10.030487
Germany,DEU,2013,58.254047
Germany,DEU,2014,63.54447
Germany,DEU,2015,67.78955
Germany,DEU,2016,69.88875
Germany,DEU,2017,75.41152
Germany,DEU,2018,88.90647
Germany,DEU,2019,108.59369
Germany,DEU,2020,130.8761
Germany,DEU,2021,151.41507
Ghana,GHA,2013,0.6937803
Ghana,GHA,2014,0.7488876
Ghana,GHA,2015,0.83635145
Ghana,GHA,2016,0.54501975
Ghana,GHA,2017,0.6998049
Ghana,GHA,2018,1.272946
Ghana,GHA,2019,2.2073684
Ghana,GHA,2020,2.791036
Ghana,GHA,2021,4.766494
Greece,GRC,2013,64.280624
Greece,GRC,2014,72.79791
Greece,GRC,2015,72.63721
Greece,GRC,2016,79.068214
Greece,GRC,2017,74.11518
Greece,GRC,2018,94.9599
Greece,GRC,2019,101.78587
Greece,GRC,2020,127.67107
Greece,GRC,2021,169.00513
Grenada,GRD,2014,8.760556
Grenada,GRD,2015,8.71908
Grenada,GRD,2017,8.661834
Grenada,GRD,2018,25.928455
Grenada,GRD,2020,34.378143
Grenada,GRD,2021,25.708042
Guatemala,GTM,2013,0.19496545
Guatemala,GTM,2015,0.1878317
Guatemala,GTM,2016,0.122935
Guatemala,GTM,2017,0.54323673
Guatemala,GTM,2018,0.53426135
Guatemala,GTM,2019,1.0523976
Guatemala,GTM,2020,0.92180073
Guatemala,GTM,2021,1.1364505
Guinea,GIN,2020,0.07478768
Guinea-Bissau,GNB,2018,0.52024645
Guyana,GUY,2013,1.3332961
Guyana,GUY,2016,1.3096685
Guyana,GUY,2017,1.301265
Guyana,GUY,2020,1.23841
Haiti,HTI,2018,0.091221124
Haiti,HTI,2019,0.090048194
Haiti,HTI,2021,0.08791524
Honduras,HND,2013,0.11249509
Honduras,HND,2014,0.11033719
Honduras,HND,2015,0.10825668
Honduras,HND,2016,0.10624305
Honduras,HND,2017,0.104295485
Honduras,HND,2018,0.3072131
Honduras,HND,2019,1.5085024
Honduras,HND,2020,6.3243375
Honduras,HND,2021,1.846474
Hungary,HUN,2013,30.63904
Hungary,HUN,2014,30.214413
Hungary,HUN,2015,30.998425
Hungary,HUN,2016,33.739258
Hungary,HUN,2017,28.715647
Hungary,HUN,2018,40.71863
Hungary,HUN,2019,52.91522
Hungary,HUN,2020,58.669914
Hungary,HUN,2021,68.29526
Iceland,ISL,2013,129.67325
Iceland,ISL,2014,235.10301
Iceland,ISL,2015,214.52614
Iceland,ISL,2016,199.65909
Iceland,ISL,2017,221.22864
Iceland,ISL,2018,164.37067
Iceland,ISL,2019,207.92384
Iceland,ISL,2020,169.10966
Iceland,ISL,2021,163.69292
India,IND,2013,4.064578
India,IND,2014,4.9250264
India,IND,2015,6.0337744
India,IND,2016,6.6885214
India,IND,2017,7.207698
India,IND,2018,8.857469
India,IND,2019,9.6736555
India,IND,2020,13.038478
India,IND,2021,18.440763
Indonesia,IDN,2013,1.524316
Indonesia,IDN,2014,2.2211287
Indonesia,IDN,2015,2.9870214
Indonesia,IDN,2016,4.035863
Indonesia,IDN,2017,6.0034413
Indonesia,IDN,2018,8.557081
Indonesia,IDN,2019,10.83712
Indonesia,IDN,2020,12.593933
Indonesia,IDN,2021,14.756572
Iran,IRN,2013,18.019096
Iran,IRN,2014,18.379908
Iran,IRN,2015,20.007416
Iran,IRN,2016,16.894909
Iran,IRN,2017,20.028988
Iran,IRN,2018,18.312084
Iran,IRN,2019,23.22759
Iran,IRN,2020,27.08512
Iran,IRN,2021,31.224743
Iraq,IRQ,2013,3.3161397
Iraq,IRQ,2014,4.18604
Iraq,IRQ,2015,4.446156
Iraq,IRQ,2016,5.6928024
Iraq,IRQ,2017,7.2196007
Iraq,IRQ,2018,10.3810625
Iraq,IRQ,2019,15.002851
Iraq,IRQ,2020,21.725399
Iraq,IRQ,2021,30.879095
Ireland,IRL,2013,78.275566
Ireland,IRL,2014,94.67101
Ireland,IRL,2015,96.11915
Ireland,IRL,2016,102.24035
Ireland,IRL,2017,99.57886
Ireland,IRL,2018,125.6014
Ireland,IRL,2019,156.88687
Ireland,IRL,2020,189.65987
Ireland,IRL,2021,213.58556
Israel,ISR,2013,77.16757
Israel,ISR,2014,89.019196
Israel,ISR,2015,92.14055
Israel,ISR,2016,101.217964
Israel,ISR,2017,114.090324
Israel,ISR,2018,136.30913
Israel,ISR,2019,184.23405
Israel,ISR,2020,219.42236
Israel,ISR,2021,237.50618
Italy,ITA,2013,50.713997
Italy,ITA,2014,54.249485
Italy,ITA,2015,63.144535
Italy,ITA,2016,63.14682
Italy,ITA,2017,67.11341
Italy,ITA,2018,74.98653
Italy,ITA,2019,87.95922
Italy,ITA,2020,105.55347
Italy,ITA,2021,124.27725
Jamaica,JAM,2013,2.8738842
Jamaica,JAM,2014,0.7158821
Jamaica,JAM,2015,2.8545585
Jamaica,JAM,2016,2.847057
Jamaica,JAM,2017,2.841144
Jamaica,JAM,2018,6.7373424
Jamaica,JAM,2019,12.751149
Jamaica,JAM,2020,7.065275
Jamaica,JAM,2021,12.334011
Japan,JPN,2013,44.909462
Japan,JPN,2014,43.447704
Japan,JPN,2015,46.081005
Japan,JPN,2016,47.153214
Japan,JPN,2017,49.958805
Japan,JPN,2018,57.740147
Japan,JPN,2019,65.60409
Japan,JPN,2020,68.98406
Japan,JPN,2021,76.034775
Jordan,JOR,2013,16.141521
Jordan,JOR,2014,18.198952
Jordan,JOR,2015,17.496567
Jordan,JOR,2016,18.788036
Jordan,JOR,2017,19.346844
Jordan,JOR,2018,23.799715
Jordan,JOR,2019,32.70273
Jordan,JOR,2020,36.26246
Jordan,JOR,2021,48.97727
Kazakhstan,KAZ,2013,1.8226866
Kazakhstan,KAZ,2014,4.209632
Kazakhstan,KAZ,2015,5.2532125
Kazakhstan,KAZ,2016,4.7376328
Kazakhstan,KAZ,2017,5.522217
Kazakhstan,KAZ,2018,7.0248737
Kazakhstan,KAZ,2019,9.630624
Kazakhstan,KAZ,2020,11.600382
Kazakhstan,KAZ,2021,14.992195
Kenya,KEN,2013,0.2889737
Kenya,KEN,2014,0.49944147
Kenya,KEN,2015,0.3610221
Kenya,KEN,2016,0.68550515
Kenya,KEN,2017,0.52847934
Kenya,KEN,2018,0.7966999
Kenya,KEN,2019,1.249931
Kenya,KEN,2020,1.8001688
Kenya,KEN,2021,2.104505
Kiribati,KIR,2018,8.190209
Kiribati,KIR,2020,7.9295855
Kosovo,OWID_KOS,2013,2.7515311
Kosovo,OWID_KOS,2014,0.5527968
Kosovo,OWID_KOS,2015,3.9347506
Kosovo,OWID_KOS,2016,7.946572
Kosovo,OWID_KOS,2017,10.745847
Kosovo,OWID_KOS,2018,7.919681
Kosovo,OWID_KOS,2019,9.686345
Kosovo,OWID_KOS,2020,4.567735
Kosovo,OWID_KOS,2021,8.039282
Kuwait,KWT,2013,5.131489
Kuwait,KWT,2014,9.820586
Kuwait,KWT,2015,12.257255
Kuwait,KWT,2016,11.488581
Kuwait,KWT,2017,10.831146
Kuwait,KWT,2018,11.565004
Kuwait,KWT,2019,13.957042
Kuwait,KWT,2020,25.453701
Kuwait,KWT,2021,27.28889
Kyrgyzstan,KGZ,2015,0.16661458
Kyrgyzstan,KGZ,2016,0.32741475
Kyrgyzstan,KGZ,2017,0.16076793
Kyrgyzstan,KGZ,2018,0.15768561
Kyrgyzstan,KGZ,2019,1.2318995
Kyrgyzstan,KGZ,2020,2.1007955
Kyrgyzstan,KGZ,2021,3.8120468
Laos,LAO,2013,0.15125424
Laos,LAO,2015,0.14702314
Laos,LAO,2016,0.14474294
Laos,LAO,2017,0.14248772
Laos,LAO,2019,0.2763334
Laos,LAO,2020,0.4083559
Laos,LAO,2021,0.40251216
Latvia,LVA,2013,25.83204
Latvia,LVA,2014,28.082098
Latvia,LVA,2015,33.369164
Latvia,LVA,2016,29.08365
Latvia,LVA,2017,36.0342
Latvia,LVA,2018,36.833637
Latvia,LVA,2019,44.92581
Latvia,LVA,2020,64.69874
Latvia,LVA,2021,65.23151
Lebanon,LBN,2013,15.1477165
Lebanon,LBN,2014,14.179943
Lebanon,LBN,2015,19.003565
Lebanon,LBN,2016,17.080332
Lebanon,LBN,2017,19.31778
Lebanon,LBN,2018,30.580938
Lebanon,LBN,2019,32.961723
Lebanon,LBN,2020,29.987368
Lebanon,LBN,2021,38.998783
Lesotho,LSO,2017,0.46358192
Lesotho,LSO,2019,0.9052174
Lesotho,LSO,2021,1.3265244
Liberia,LBR,2013,0.44740278
Liberia,LBR,2015,0.42923632
Liberia,LBR,2017,0.20623119
Liberia,LBR,2019,0.19826636
Liberia,LBR,2021,0.19013843
Libya,LBY,2013,2.3792017
Libya,LBY,2014,1.8670475
Libya,LBY,2015,2.143352
Libya,LBY,2016,2.261717
Libya,LBY,2017,2.8195057
Libya,LBY,2018,3.650136
Libya,LBY,2019,3.596585
Libya,LBY,2020,7.096825
Libya,LBY,2021,10.791599
Liechtenstein,LIE,2013,54.156513
Liechtenstein,LIE,2014,53.77645
Liechtenstein,LIE,2015,26.720821
Liechtenstein,LIE,2016,26.57101
Liechtenstein,LIE,2017,105.62172
Liechtenstein,LIE,2018,288.28262
Liechtenstein,LIE,2019,207.9975
Liechtenstein,LIE,2020,335.112
Liechtenstein,LIE,2021,204.80263
Lithuania,LTU,2013,25.351892
Lithuania,LTU,2014,28.978867
Lithuania,LTU,2015,30.284552
Lithuania,LTU,2016,36.59674
Lithuania,LTU,2017,38.878628
Lithuania,LTU,2018,39.964546
Lithuania,LTU,2019,46.868454
Lithuania,LTU,2020,62.23697
Lithuania,LTU,2021,81.23131
Luxembourg,LUX,2013,156.43433
Luxembourg,LUX,2014,167.1805
Luxembourg,LUX,2015,187.87059
Luxembourg,LUX,2016,203.93788
Luxembourg,LUX,2017,227.99474
Luxembourg,LUX,2018,243.37782
Luxembourg,LUX,2019,274.12015
Luxembourg,LUX,2020,329.84616
Luxembourg,LUX,2021,387.33298
Madagascar,MDG,2013,0.08295558
Madagascar,MDG,2014,0.12114185
Madagascar,MDG,2015,0.19664365
Madagascar,MDG,2016,0.03831425
Madagascar,MDG,2017,0.037329618
Madagascar,MDG,2018,0.07274068
Madagascar,MDG,2019,0.46067342
Madagascar,MDG,2020,0.4144568
Madagascar,MDG,2021,0.53888226
Malawi,MWI,2013,0.18562269
Malawi,MWI,2014,0.060162917
Malawi,MWI,2015,0.17558661
Malawi,MWI,2018,0.053972114
Malawi,MWI,2019,0.15768105
Malawi,MWI,2020,0.25596544
Malawi,MWI,2021,0.44893909
Malaysia,MYS,2013,42.353966
Malaysia,MYS,2014,49.84341
Malaysia,MYS,2015,52.540924
Malaysia,MYS,2016,45.140415
Malaysia,MYS,2017,50.810303
Malaysia,MYS,2018,55.45265
Malaysia,MYS,2019,60.405636
Malaysia,MYS,2020,62.526638
Malaysia,MYS,2021,91.125465
Maldives,MDV,2013,2.4995062
Maldives,MDV,2015,2.3355482
Maldives,MDV,2017,2.181991
Maldives,MDV,2018,4.2273736
Maldives,MDV,2019,4.1005707
Maldives,MDV,2020,9.957641
Maldives,MDV,2021,3.8747525
Mali,MLI,2014,0.11098614
Mali,MLI,2015,0.48405257
Mali,MLI,2016,0.46896258
Mali,MLI,2017,0.55519056
Mali,MLI,2018,0.73378235
Mali,MLI,2019,0.7119665
Mali,MLI,2020,1.3355538
Mali,MLI,2021,0.93797576
Malta,MLT,2013,81.68848
Malta,MLT,2014,62.14125
Malta,MLT,2015,98.88107
Malta,MLT,2016,116.413666
Malta,MLT,2017,132.50638
Malta,MLT,2018,109.37781
Malta,MLT,2019,156.74074
Malta,MLT,2020,146.65784
Malta,MLT,2021,188.7933
Mauritania,MRT,2016,0.48939767
Mauritania,MRT,2017,0.23749574
Mauritania,MRT,2018,0.23053771
Mauritania,MRT,2019,0.2238281
Mauritania,MRT,2020,0.21738492
Mauritania,MRT,2021,0.8447953
Mauritius,MUS,2013,9.295199
Mauritius,MUS,2014,6.965912
Mauritius,MUS,2015,7.7382493
Mauritius,MUS,2016,4.6446567
Mauritius,MUS,2017,6.1984177
Mauritius,MUS,2018,19.397364
Mauritius,MUS,2019,23.32327
Mauritius,MUS,2020,19.482088
Mauritius,MUS,2021,26.570242
Mexico,MEX,2013,6.27833
Mexico,MEX,2014,6.4783134
Mexico,MEX,2015,6.9793
Mexico,MEX,2016,7.304623
Mexico,MEX,2017,7.285248
Mexico,MEX,2018,8.637456
Mexico,MEX,2019,10.130167
Mexico,MEX,2020,11.340778
Mexico,MEX,2021,12.683302
Micronesia (country),FSM,2013,9.24787
Micronesia (country),FSM,2014,9.224497
Micronesia (country),FSM,2015,9.197348
Micronesia (country),FSM,2019,9.066676
Micronesia (country),FSM,2020,9.014613
Moldova,MDA,2013,3.2269979
Moldova,MDA,2014,2.0941067
Moldova,MDA,2015,4.86741
Moldova,MDA,2016,2.779667
Moldova,MDA,2017,3.1313605
Moldova,MDA,2018,4.122039
Moldova,MDA,2019,1.9276718
Moldova,MDA,2020,5.53902
Moldova,MDA,2021,4.9606786
Monaco,MCO,2014,27.659456
Monaco,MCO,2015,27.184994
Monaco,MCO,2016,26.808933
Monaco,MCO,2017,26.5252
Monaco,MCO,2018,26.193096
Monaco,MCO,2020,78.79393
Monaco,MCO,2021,77.82505
Mongolia,MNG,2013,8.766126
Mongolia,MNG,2014,11.328368
Mongolia,MNG,2015,7.7271237
Mongolia,MNG,2016,6.577184
Mongolia,MNG,2017,5.798276
Mongolia,MNG,2018,6.945071
Mongolia,MNG,2019,9.2818365
Mongolia,MNG,2020,10.331872
Mongolia,MNG,2021,19.163525
Montenegro,MNE,2013,7.896362
Montenegro,MNE,2014,17.422264
Montenegro,MNE,2015,23.87976
Montenegro,MNE,2016,22.427021
Montenegro,MNE,2017,25.801666
Montenegro,MNE,2018,27.606411
Montenegro,MNE,2019,26.157768
Montenegro,MNE,2020,47.70239
Montenegro,MNE,2021,61.27309
Morocco,MAR,2013,4.5874853
Morocco,MAR,2014,7.3966265
Morocco,MAR,2015,9.275422
Morocco,MAR,2016,13.048397
Morocco,MAR,2017,15.713868
Morocco,MAR,2018,16.294752
Morocco,MAR,2019,17.922777
Morocco,MAR,2020,22.168036
Morocco,MAR,2021,24.489613
Mozambique,MOZ,2013,0.23950553
Mozambique,MOZ,2014,0.038777012
Mozambique,MOZ,2015,0.18834113
Mozambique,MOZ,2016,0.18290156
Mozambique,MOZ,2017,0.24852307
Mozambique,MOZ,2018,0.3101454
Mozambique,MOZ,2019,0.36808532
Mozambique,MOZ,2020,0.25987792
Mozambique,MOZ,2021,0.4099938
Myanmar,MMR,2013,0.5968646
Myanmar,MMR,2014,0.55246836
Myanmar,MMR,2015,0.6067835
Myanmar,MMR,2016,0.6602493
Myanmar,MMR,2017,1.0212942
Myanmar,MMR,2018,1.7791468
Myanmar,MMR,2019,2.469571
Myanmar,MMR,2020,2.5086517
Myanmar,MMR,2021,0.9552869
Namibia,NAM,2013,0.8879
Namibia,NAM,2014,2.1624951
Namibia,NAM,2015,1.2635276
Namibia,NAM,2016,1.2299019
Namibia,NAM,2017,1.5956248
Namibia,NAM,2018,1.5519955
Namibia,NAM,2019,1.1318619
Namibia,NAM,2020,3.2981977
Namibia,NAM,2021,6.4044337
Nepal,NPL,2013,1.4135557
Nepal,NPL,2014,2.0598161
Nepal,NPL,2015,1.9407963
Nepal,NPL,2016,2.9690075
Nepal,NPL,2017,2.8559945
Nepal,NPL,2018,3.4188416
Nepal,NPL,2019,4.2584543
Nepal,NPL,2020,5.558129
Nepal,NPL,2021,8.58354
Netherlands,NLD,2013,87.87613
Netherlands,NLD,2014,90.83923
Netherlands,NLD,2015,93.760445
Netherlands,NLD,2016,103.402016
Netherlands,NLD,2017,104.53138
Netherlands,NLD,2018,134.08885
Netherlands,NLD,2019,162.3948
Netherlands,NLD,2020,197.25877
Netherlands,NLD,2021,224.41475
New Zealand,NZL,2013,83.52308
New Zealand,NZL,2014,86.44749
New Zealand,NZL,2015,89.07601
New Zealand,NZL,2016,92.47539
New Zealand,NZL,2017,105.553
New Zealand,NZL,2018,105.492035
New Zealand,NZL,2019,125.26526
New Zealand,NZL,2020,138.6617
New Zealand,NZL,2021,144.68362
Nicaragua,NIC,2013,0.1671165
Nicaragua,NIC,2014,0.65935975
Nicaragua,NIC,2015,0.16261701
Nicaragua,NIC,2016,0.32089013
Nicaragua,NIC,2017,0.9499328
Nicaragua,NIC,2018,0.78124094
Nicaragua,NIC,2019,0.92540324
Nicaragua,NIC,2020,1.2185339
Nicaragua,NIC,2021,0.7524743
Niger,NER,2013,0.16198793
Niger,NER,2014,0.20816077
Niger,NER,2015,0.100303434
Niger,NER,2016,0.24171217
Niger,NER,2018,0.22534628
Niger,NER,2019,0.21788615
Niger,NER,2020,0.12648827
Niger,NER,2021,0.20406377
Nigeria,NGA,2013,0.4473916
Nigeria,NGA,2014,0.55944985
Nigeria,NGA,2015,0.65033185
Nigeria,NGA,2016,0.7060857
Nigeria,NGA,2017,0.91883045
Nigeria,NGA,2018,0.85879314
Nigeria,NGA,2019,1.6850797
Nigeria,NGA,2020,2.2477036
Nigeria,NGA,2021,3.111711
North Korea,PRK,2013,0.11843918
North Korea,PRK,2014,0.23574468
North Korea,PRK,2015,0.23460084
North Korea,PRK,2016,0.116739124
North Korea,PRK,2017,0.038733102
North Korea,PRK,2018,0.0771273
North Korea,PRK,2019,0.11521785
North Korea,PRK,2020,0.22956567
North Korea,PRK,2021,0.22872365
North Macedonia,MKD,2013,16.391163
North Macedonia,MKD,2014,24.526464
North Macedonia,MKD,2015,25.752815
North Macedonia,MKD,2016,33.141823
North Macedonia,MKD,2017,35.550938
North Macedonia,MKD,2018,47.4025
North Macedonia,MKD,2019,41.630592
North Macedonia,MKD,2020,58.760025
North Macedonia,MKD,2021,63.205353
Norway,NOR,2013,75.78554
Norway,NOR,2014,86.03579
Norway,NOR,2015,84.78208
Norway,NOR,2016,97.40302
Norway,NOR,2017,115.78974
Norway,NOR,2018,148.53859
Norway,NOR,2019,180.07623
Norway,NOR,2020,223.63612
Norway,NOR,2021,296.2234
Oman,OMN,2013,10.95486
Oman,OMN,2014,6.246182
Oman,OMN,2015,8.841317
Oman,OMN,2016,9.793026
Oman,OMN,2017,9.69719
Oman,OMN,2018,13.266987
Oman,OMN,2019,20.909351
Oman,OMN,2020,22.332766
Oman,OMN,2021,39.774002
Pakistan,PAK,2013,1.8571688
Pakistan,PAK,2014,1.9601927
Pakistan,PAK,2015,2.1445906
Pakistan,PAK,2016,2.8209467
Pakistan,PAK,2017,3.5472114
Pakistan,PAK,2018,4.7900467
Pakistan,PAK,2019,6.793734
Pakistan,PAK,2020,7.757389
Pakistan,PAK,2021,10.886187
Palau,PLW,2017,112.12648
Palau,PLW,2019,56.116722
Palau,PLW,2020,112.25234
Palau,PLW,2021,280.75693
Panama,PAN,2013,3.398398
Panama,PAN,2014,3.0831678
Panama,PAN,2015,9.090826
Panama,PAN,2016,12.906157
Panama,PAN,2017,28.301622
Panama,PAN,2018,39.8286
Panama,PAN,2019,29.281893
Panama,PAN,2020,49.845596
Panama,PAN,2021,105.16844
Papua New Guinea,PNG,2014,0.117323525
Papua New Guinea,PNG,2015,0.22874796
Papua New Guinea,PNG,2017,0.1089477
Papua New Guinea,PNG,2018,0.31933513
Papua New Guinea,PNG,2019,0.52034473
Papua New Guinea,PNG,2020,0.6112631
Papua New Guinea,PNG,2021,1.3981965
Paraguay,PRY,2013,0.66862285
Paraguay,PRY,2014,0.98849785
Paraguay,PRY,2015,1.1365286
Paraguay,PRY,2016,3.200447
Paraguay,PRY,2017,1.8931458
Paraguay,PRY,2018,2.1781805
Paraguay,PRY,2019,2.4558485
Paraguay,PRY,2020,3.3314445
Paraguay,PRY,2021,5.2362413
Peru,PER,2013,1.0061067
Peru,PER,2014,1.9258977
Peru,PER,2015,2.1997793
Peru,PER,2016,2.0734456
Peru,PER,2017,3.3839178
Peru,PER,2018,4.5771484
Peru,PER,2019,5.9477396
Peru,PER,2020,8.161134
Peru,PER,2021,10.164108
Philippines,PHL,2013,0.5192193
Philippines,PHL,2014,0.85768974
Philippines,PHL,2015,1.1964337
Philippines,PHL,2016,1.274175
Philippines,PHL,2017,1.7480627
Philippines,PHL,2018,2.859354
Philippines,PHL,2019,3.8085032
Philippines,PHL,2020,3.756203
Philippines,PHL,2021,4.712604
Poland,POL,2013,29.927391
Poland,POL,2014,33.868973
Poland,POL,2015,43.536987
Poland,POL,2016,44.716526
Poland,POL,2017,47.052715
Poland,POL,2018,47.72356
Poland,POL,2019,47.794838
Poland,POL,2020,49.959385
Poland,POL,2021,59.726128
Portugal,PRT,2013,88.73347
Portugal,PRT,2014,91.003426
Portugal,PRT,2015,111.08683
Portugal,PRT,2016,97.13545
Portugal,PRT,2017,103.96061
Portugal,PRT,2018,112.15113
Portugal,PRT,2019,139.0283
Portugal,PRT,2020,131.81596
Portugal,PRT,2021,169.37807
Qatar,QAT,2013,57.56033
Qatar,QAT,2014,75.28026
Qatar,QAT,2015,75.391266
Qatar,QAT,2016,78.09549
Qatar,QAT,2017,71.304146
Qatar,QAT,2018,87.28263
Qatar,QAT,2019,96.85742
Qatar,QAT,2020,135.90771
Qatar,QAT,2021,159.85854
Romania,ROU,2013,32.697144
Romania,ROU,2014,36.808563
Romania,ROU,2015,44.889496
Romania,ROU,2016,39.035145
Romania,ROU,2017,37.27893
Romania,ROU,2018,44.188465
Romania,ROU,2019,51.431828
Romania,ROU,2020,55.53702
Romania,ROU,2021,58.13543
Russia,RUS,2013,4.5365243
Russia,RUS,2014,6.0720797
Russia,RUS,2015,8.265224
Russia,RUS,2016,10.605118
Russia,RUS,2017,13.339098
Russia,RUS,2018,17.673956
Russia,RUS,2019,24.984123
Russia,RUS,2020,28.051949
Russia,RUS,2021,31.213106
Rwanda,RWA,2013,0.09014418
Rwanda,RWA,2014,0.5279479
Rwanda,RWA,2015,0.17182091
Rwanda,RWA,2016,0.16779673
Rwanda,RWA,2017,0.08195336
Rwanda,RWA,2018,0.16015376
Rwanda,RWA,2019,1.0175246
Rwanda,RWA,2020,2.296064
Rwanda,RWA,2021,2.9950745
Saint Kitts and Nevis,KNA,2015,21.227818
Saint Kitts and Nevis,KNA,2016,21.231873
Saint Kitts and Nevis,KNA,2020,21.32378
Saint Kitts and Nevis,KNA,2021,64.12174
Saint Lucia,LCA,2019,5.6282854
Saint Lucia,LCA,2020,5.609752
Saint Vincent and the Grenadines,VCT,2014,18.595137
Saint Vincent and the Grenadines,VCT,2021,9.723086
San Marino,SMR,2017,58.132774
San Marino,SMR,2019,28.840054
San Marino,SMR,2021,28.902569
Sao Tome and Principe,STP,2013,5.1771355
Sao Tome and Principe,STP,2014,10.163634
Sao Tome and Principe,STP,2015,4.9923615
Saudi Arabia,SAU,2013,14.593162
Saudi Arabia,SAU,2014,16.828672
Saudi Arabia,SAU,2015,19.716467
Saudi Arabia,SAU,2016,19.011776
Saudi Arabia,SAU,2017,22.447891
Saudi Arabia,SAU,2018,30.034462
Saudi Arabia,SAU,2019,45.515987
Saudi Arabia,SAU,2020,67.63209
Saudi Arabia,SAU,2021,98.34535
Senegal,SEN,2013,0.3646745
Senegal,SEN,2014,0.635948
Senegal,SEN,2015,0.479671
Senegal,SEN,2016,0.46559528
Senegal,SEN,2017,0.9046849
Senegal,SEN,2018,1.0053728
Senegal,SEN,2019,0.9784182
Senegal,SEN,2020,2.0251095
Senegal,SEN,2021,1.9162799
Serbia,SRB,2013,25.837719
Serbia,SRB,2014,26.151196
Serbia,SRB,2015,31.349024
Serbia,SRB,2016,30.73217
Serbia,SRB,2017,33.788044
Serbia,SRB,2018,37.1794
Serbia,SRB,2019,42.204063
Serbia,SRB,2020,43.573822
Serbia,SRB,2021,58.518597
Seychelles,SYC,2018,8.691647
Sierra Leone,SLE,2017,0.13551421
Sierra Leone,SLE,2018,0.13237028
Sierra Leone,SLE,2019,0.5173309
Sierra Leone,SLE,2020,0.5055255
Sierra Leone,SLE,2021,0.3706173
Singapore,SGP,2013,211.8617
Singapore,SGP,2014,247.53114
Singapore,SGP,2015,259.16943
Singapore,SGP,2016,277.88052
Singapore,SGP,2017,295.14175
Singapore,SGP,2018,347.68768
Singapore,SGP,2019,407.79166
Singapore,SGP,2020,495.7163
Singapore,SGP,2021,595.1724
Slovakia,SVK,2013,46.576775
Slovakia,SVK,2014,53.552597
Slovakia,SVK,2015,47.96801
Slovakia,SVK,2016,56.75053
Slovakia,SVK,2017,42.128857
Slovakia,SVK,2018,55.481762
Slovakia,SVK,2019,68.065575
Slovakia,SVK,2020,75.70997
Slovakia,SVK,2021,83.964645
Slovenia,SVN,2013,96.28233
Slovenia,SVN,2014,98.13467
Slovenia,SVN,2015,122.333244
Slovenia,SVN,2016,103.814
Slovenia,SVN,2017,116.36871
Slovenia,SVN,2018,117.903786
Slovenia,SVN,2019,140.15309
Slovenia,SVN,2020,162.66977
Slovenia,SVN,2021,201.08871
Somalia,SOM,2013,0.0777025
Somalia,SOM,2015,0.07242719
Somalia,SOM,2018,0.06471449
Somalia,SOM,2019,0.18713778
Somalia,SOM,2020,0.060055733
Somalia,SOM,2021,0.28949535
South Africa,ZAF,2013,4.1515183
South Africa,ZAF,2014,4.604744
South Africa,ZAF,2015,5.0243692
South Africa,ZAF,2016,5.4838014
South Africa,ZAF,2017,5.795074
South Africa,ZAF,2018,6.875608
South Africa,ZAF,2019,8.340622
South Africa,ZAF,2020,11.591355
South Africa,ZAF,2021,13.576661
South Korea,KOR,2013,62.810596
South Korea,KOR,2014,60.50766
South Korea,KOR,2015,63.39255
South Korea,KOR,2016,57.85819
South Korea,KOR,2017,62.696327
South Korea,KOR,2018,78.50368
South Korea,KOR,2019,94.88516
South Korea,KOR,2020,125.244705
South Korea,KOR,2021,156.86116
South Sudan,SSD,2013,0.6268876
South Sudan,SSD,2014,0.89007
South Sudan,SSD,2015,1.3504305
South Sudan,SSD,2016,0.7386814
South Sudan,SSD,2017,1.1696875
South Sudan,SSD,2018,0.7902809
South Sudan,SSD,2019,1.5350105
South Sudan,SSD,2020,2.0563688
South Sudan,SSD,2021,3.2211199
Spain,ESP,2013,59.303814
Spain,ESP,2014,61.47236
Spain,ESP,2015,69.76742
Spain,ESP,2016,62.632713
Spain,ESP,2017,70.751
Spain,ESP,2018,74.53366
Spain,ESP,2019,86.49709
Spain,ESP,2020,95.61765
Spain,ESP,2021,105.79091
Sri Lanka,LKA,2013,4.681905
Sri Lanka,LKA,2014,4.362464
Sri Lanka,LKA,2015,5.292229
Sri Lanka,LKA,2016,5.796238
Sri Lanka,LKA,2017,7.5155544
Sri Lanka,LKA,2018,10.605258
Sri Lanka,LKA,2019,12.092518
Sri Lanka,LKA,2020,17.862045
Sri Lanka,LKA,2021,24.052464
Sudan,SDN,2013,1.1115271
Sudan,SDN,2014,0.38636568
Sudan,SDN,2015,1.0993284
Sudan,SDN,2016,0.8967546
Sudan,SDN,2017,1.311036
Sudan,SDN,2018,1.1756567
Sudan,SDN,2019,1.2953317
Sudan,SDN,2020,0.98313206
Sudan,SDN,2021,1.851585
Suriname,SUR,2014,1.7379758
Suriname,SUR,2019,1.6507643
Suriname,SUR,2021,1.6183717
Sweden,SWE,2013,91.13994
Sweden,SWE,2014,95.39587
Sweden,SWE,2015,92.35182
Sweden,SWE,2016,105.307915
Sweden,SWE,2017,105.19132
Sweden,SWE,2018,124.71253
Sweden,SWE,2019,160.32498
Sweden,SWE,2020,195.48605
Sweden,SWE,2021,224.93945
Switzerland,CHE,2013,146.94983
Switzerland,CHE,2014,155.30684
Switzerland,CHE,2015,162.84521
Switzerland,CHE,2016,168.47958
Switzerland,CHE,2017,197.31174
Switzerland,CHE,2018,236.72144
Switzerland,CHE,2019,277.70245
Switzerland,CHE,2020,342.68524
Switzerland,CHE,2021,399.10333
Syria,SYR,2013,0.5538397
Syria,SYR,2014,0.4439257
Syria,SYR,2015,0.3603675
Syria,SYR,2016,0.62520075
Syria,SYR,2017,0.46814847
Syria,SYR,2018,0.81725013
Syria,SYR,2019,1.0317618
Syria,SYR,2020,1.6152458
Syria,SYR,2021,1.9880862
Taiwan,TWN,2013,81.39432
Taiwan,TWN,2014,71.65738
Taiwan,TWN,2015,68.04294
Taiwan,TWN,2016,65.97095
Taiwan,TWN,2017,67.278946
Taiwan,TWN,2018,82.20866
Taiwan,TWN,2019,107.8392
Taiwan,TWN,2020,127.622925
Taiwan,TWN,2021,153.02443
Tajikistan,TJK,2013,0.36510858
Tajikistan,TJK,2014,0.47474602
Tajikistan,TJK,2015,0.9255147
Tajikistan,TJK,2016,0.7895667
Tajikistan,TJK,2017,0.66036075
Tajikistan,TJK,2018,1.1818621
Tajikistan,TJK,2019,2.5183706
Tajikistan,TJK,2020,3.384855
Tajikistan,TJK,2021,3.7122831
Tanzania,TZA,2013,0.081926696
Tanzania,TZA,2014,0.13902266
Tanzania,TZA,2015,0.13456115
Tanzania,TZA,2016,0.11147441
Tanzania,TZA,2017,0.17968519
Tanzania,TZA,2018,0.06964136
Tanzania,TZA,2019,0.21968777
Tanzania,TZA,2020,0.54122496
Tanzania,TZA,2021,0.7480454
Thailand,THA,2013,5.6840053
Thailand,THA,2014,6.9641886
Thailand,THA,2015,6.946336
Thailand,THA,2016,8.058162
Thailand,THA,2017,8.530051
Thailand,THA,2018,10.507722
Thailand,THA,2019,11.492925
Thailand,THA,2020,11.473799
Thailand,THA,2021,15.154612
Togo,TGO,2013,0.13725992
Togo,TGO,2015,0.1304938
Togo,TGO,2017,0.12411354
Togo,TGO,2020,0.34603184
Togo,TGO,2021,0.56316555
Tonga,TON,2020,9.459038
Trinidad and Tobago,TTO,2013,2.1236563
Trinidad and Tobago,TTO,2014,3.5183146
Trinidad and Tobago,TTO,2015,1.399395
Trinidad and Tobago,TTO,2016,5.5670376
Trinidad and Tobago,TTO,2017,3.4595733
Trinidad and Tobago,TTO,2018,0.68003064
Trinidad and Tobago,TTO,2019,6.7344694
Trinidad and Tobago,TTO,2020,12.153737
Trinidad and Tobago,TTO,2021,10.754748
Tunisia,TUN,2013,38.23589
Tunisia,TUN,2014,47.36438
Tunisia,TUN,2015,45.166447
Tunisia,TUN,2016,62.626446
Tunisia,TUN,2017,56.90741
Tunisia,TUN,2018,47.511734
Tunisia,TUN,2019,49.852276
Tunisia,TUN,2020,56.204838
Tunisia,TUN,2021,58.927887
Turkey,TUR,2013,13.769087
Turkey,TUR,2014,14.185733
Turkey,TUR,2015,16.234613
Turkey,TUR,2016,17.378613
Turkey,TUR,2017,20.702023
Turkey,TUR,2018,22.839281
Turkey,TUR,2019,25.164698
Turkey,TUR,2020,29.143347
Turkey,TUR,2021,36.39562
Turkmenistan,TKM,2015,0.16088098
Turkmenistan,TKM,2019,0.14697362
Tuvalu,TUV,2014,90.85128
Tuvalu,TUV,2015,91.04151
Tuvalu,TUV,2016,91.3242
Tuvalu,TUV,2017,183.621
Tuvalu,TUV,2018,92.80743
Tuvalu,TUV,2021,97.90484
Uganda,UGA,2013,0.36788583
Uganda,UGA,2014,0.46709016
Uganda,UGA,2015,0.26644325
Uganda,UGA,2016,0.36083263
Uganda,UGA,2017,0.47290286
Uganda,UGA,2018,0.5292808
Uganda,UGA,2019,0.46512023
Uganda,UGA,2020,0.85475564
Uganda,UGA,2021,0.8712522
Ukraine,UKR,2013,2.9917557
Ukraine,UKR,2014,2.9147937
Ukraine,UKR,2015,4.3464108
Ukraine,UKR,2016,6.006555
Ukraine,UKR,2017,7.9012175
Ukraine,UKR,2018,11.192486
Ukraine,UKR,2019,13.87979
Ukraine,UKR,2020,17.815575
Ukraine,UKR,2021,18.849337
United Arab Emirates,ARE,2013,18.51414
United Arab Emirates,ARE,2014,16.875322
United Arab Emirates,ARE,2015,26.74466
United Arab Emirates,ARE,2016,26.796967
United Arab Emirates,ARE,2017,35.41134
United Arab Emirates,ARE,2018,49.321323
United Arab Emirates,ARE,2019,79.762375
United Arab Emirates,ARE,2020,104.03736
United Arab Emirates,ARE,2021,130.86044
United Kingdom,GBR,2013,76.72072
United Kingdom,GBR,2014,83.14074
United Kingdom,GBR,2015,89.73403
United Kingdom,GBR,2016,97.65779
United Kingdom,GBR,2017,109.713776
United Kingdom,GBR,2018,128.99896
United Kingdom,GBR,2019,157.72388
United Kingdom,GBR,2020,189.39343
United Kingdom,GBR,2021,212.56476
United States,USA,2013,54.562366
United States,USA,2014,56.249256
United States,USA,2015,60.574654
United States,USA,2016,64.61522
United States,USA,2017,73.593185
United States,USA,2018,91.074196
United States,USA,2019,114.11822
United States,USA,2020,133.58035
United States,USA,2021,144.89885
Uruguay,URY,2013,5.6795506
Uruguay,URY,2014,8.640359
Uruguay,URY,2015,8.610395
Uruguay,URY,2016,7.693947
Uruguay,URY,2017,9.443863
Uruguay,URY,2018,11.489041
Uruguay,URY,2019,12.657464
Uruguay,URY,2020,18.82925
Uruguay,URY,2021,24.43554
Uzbekistan,UZB,2013,0.033642773
Uzbekistan,UZB,2014,0.13234955
Uzbekistan,UZB,2015,0.16260506
Uzbekistan,UZB,2016,0.2876818
Uzbekistan,UZB,2017,0.5028415
Uzbekistan,UZB,2018,0.27800524
Uzbekistan,UZB,2019,1.9111351
Uzbekistan,UZB,2020,3.185816
Uzbekistan,UZB,2021,5.7236814
Vanuatu,VUT,2021,3.269224
Vatican,VAT,2018,1811.5942
Vatican,VAT,2019,1841.6206
Vatican,VAT,2021,3795.0664
Venezuela,VEN,2013,1.7049901
Venezuela,VEN,2014,1.3882425
Venezuela,VEN,2015,1.6026706
Venezuela,VEN,2016,2.2102523
Venezuela,VEN,2017,2.0938756
Venezuela,VEN,2018,1.2412945
Venezuela,VEN,2019,2.2807307
Venezuela,VEN,2020,1.5117382
Venezuela,VEN,2021,1.9123281
Vietnam,VNM,2013,2.8706093
Vietnam,VNM,2014,2.9450395
Vietnam,VNM,2015,4.255399
Vietnam,VNM,2016,5.2127595
Vietnam,VNM,2017,4.896142
Vietnam,VNM,2018,6.3696704
Vietnam,VNM,2019,10.064444
Vietnam,VNM,2020,13.305574
Vietnam,VNM,2021,16.596739
World,OWID_WRL,2013,40.92011
World,OWID_WRL,2014,43.233757
World,OWID_WRL,2015,46.389717
World,OWID_WRL,2016,47.982056
World,OWID_WRL,2017,53.209694
World,OWID_WRL,2018,64.15113
World,OWID_WRL,2019,78.19383
World,OWID_WRL,2020,91.35867
World,OWID_WRL,2021,108.29789
Yemen,YEM,2013,0.955209
Yemen,YEM,2014,1.1910154
Yemen,YEM,2015,0.8986058
Yemen,YEM,2016,0.9031729
Yemen,YEM,2017,0.84615344
Yemen,YEM,2018,0.96816266
Yemen,YEM,2019,1.8227689
Yemen,YEM,2020,2.684388
Yemen,YEM,2021,4.6310964
Zambia,ZMB,2014,0.18873481
Zambia,ZMB,2015,0.18293698
Zambia,ZMB,2016,0.059121124
Zambia,ZMB,2017,0.17200524
Zambia,ZMB,2018,0.27818623
Zambia,ZMB,2019,1.1342865
Zambia,ZMB,2020,0.6296108
Zambia,ZMB,2021,0.8671872
Zimbabwe,ZWE,2013,0.57086545
Zimbabwe,ZWE,2014,0.35193008
Zimbabwe,ZWE,2015,0.20834768
Zimbabwe,ZWE,2016,0.54793406
Zimbabwe,ZWE,2017,0.6075956
Zimbabwe,ZWE,2018,0.7316526
Zimbabwe,ZWE,2019,0.9167477
Zimbabwe,ZWE,2020,1.0948749
Zimbabwe,ZWE,2021,2.3421843